,song_uri,key,mode,valence,danceability,acousticness,energy,instrumentalness,liveness,loudness,speechiness,tempo,time_signature,duration_ms
0,6fA7akEuTUL3dW1V0GELaZ,6,0,0.527,0.518,0.0404,0.83,3.85e-06,0.375,-6.814,0.0386,95.468,4,256133
1,5PXYIVQZ8xmNoONoHzbrv2,11,0,0.763,0.739,0.00947,0.947,2.99e-05,0.326,-1.915,0.0412,88.009,4,261933
2,7mCRbaZCjHY2soGQPw93cY,2,1,0.427,0.46,5.44e-05,0.829,9.2e-05,0.227,-6.266,0.0355,155.843,4,316733
3,1kuZSCuFZh718pUEMhgfSs,6,0,0.762,0.783,0.0817,0.58,0.0,0.0831,-7.398,0.298,93.026,4,284360
4,4pmc2AxSEq6g7hPVlJCPyP,1,1,0.683,0.771,0.00543,0.685,0.00157,0.0537,-4.639,0.0567,88.997,4,230200
5,60e1nB8fP9h4Yw44sIfeQx,2,1,0.714,0.706,0.119,0.888,9.64e-05,0.07,-6.959,0.0654,121.549,4,253733
6,5ZPp1V3PufN6qhAe3rLNmb,11,0,0.527,0.544,0.00657,0.878,1.43e-05,0.17,-5.145,0.0288,99.024,4,233827
7,6LCbPOnvjxSaRnNBKH1JII,10,0,0.669,0.829,0.085,0.86,0.0,0.0412,-6.381,0.0845,107.91,4,202707
8,27cXevtj5VflsCUAZwr9eI,7,1,0.834,0.738,0.00153,0.852,0.0895,0.178,-6.13,0.0766,119.735,4,225813
9,1G6fZu8udnnkJgg8NUoHak,5,0,0.791,0.773,0.0791,0.8,0.00259,0.11,-2.875,0.0825,99.295,4,264940
10,231WyXR4WZi64gPSuOC27u,0,1,0.818,0.754,0.0684,0.819,0.0,0.345,-6.833,0.112,142.137,4,215800
11,0WWKJsCjOAhymkdt8GuKTt,11,1,0.256,0.661,0.452,0.346,0.0,0.131,-9.115,0.03,129.752,4,263667
12,62bOmKYxYg7dhrC6gH9vFn,8,0,0.861,0.61,0.031,0.926,0.0012,0.0821,-4.843,0.0479,172.638,4,200400
13,2dwhMQsFeHr2S787WxqAqW,10,1,0.741,0.578,0.0103,0.894,2.66e-06,0.216,-5.42,0.0296,165.98,4,347107
14,7ffwRz8lZyDOE4Vj58Lo72,3,0,0.792,0.813,0.486,0.949,9.75e-06,0.112,-2.563,0.0336,115.061,4,227707
15,5iKYZAcAchghry6h8Iu5IL,10,0,0.873,0.813,0.235,0.487,7.59e-05,0.0928,-9.78,0.0783,99.0,4,276225
16,2uKNZ4Iim41yoGWpCTcq9Z,1,0,0.272,0.746,0.282,0.443,0.0,0.14,-7.693,0.0771,119.311,4,274227
17,5TAf4lnZCZTLlZHNZMLFLi,2,1,0.736,0.593,0.313,0.642,0.000582,0.0804,-7.284,0.0299,76.403,4,239440
18,2AW37v0bDyuOzGP3XnmFuA,0,0,0.908,0.636,0.0407,0.873,1.27e-06,0.0372,-4.672,0.071,165.071,4,192427
19,2qvKMaube0P8BogoUVQQxm,9,1,0.588,0.628,0.132,0.886,0.0,0.118,-5.357,0.0422,93.017,4,241147
20,5pZrTiyyerSGHUJExDCOxZ,2,1,0.565,0.865,0.00689,0.664,0.0,0.142,-6.822,0.108,162.831,4,287000
21,3X64nkPL7Tt6dM2lzxfdBC,0,1,0.758,0.694,0.0359,0.553,0.0,0.0581,-7.653,0.0284,88.064,4,227093
22,3BsaRV5QIulYz2lV9WWa8T,6,0,0.683,0.63,0.231,0.625,0.0,0.0765,-5.088,0.0252,167.998,4,234960
23,7mYvtEeBdMqRSyj1Qpv6my,1,1,0.527,0.727,0.339,0.445,0.0,0.18,-11.241,0.291,81.125,4,215467
24,4D6bsg0MqGF0PIZLgDydWp,7,1,0.958,0.623,0.0717,0.909,3.17e-05,0.0579,-4.78,0.0312,104.617,4,221653
25,4pqMBZjWHGHFePmboG9h5v,5,0,0.559,0.634,0.014,0.641,0.0013,0.148,-8.333,0.031,135.01,4,239213
26,52v5O1yuKDZEWwQ1sv0YTL,7,1,0.674,0.504,0.00458,0.948,0.0,0.135,-3.285,0.0962,97.015,4,190759
27,4pldO6ZS749Piqi4GISql8,0,1,0.202,0.321,0.0361,0.688,0.0,0.211,-5.775,0.0379,142.79,4,235267
28,2N4viTG9njqCa4c46YyWs1,1,0,0.542,0.683,0.0395,0.866,0.00161,0.0483,-5.436,0.0329,121.996,4,219360
29,4uCHiuS88rfDOgEQfGYnu7,8,1,0.962,0.845,0.0263,0.827,0.000376,0.329,-5.618,0.0424,118.903,4,189907
30,2WfhlEjoUII31H6imnQdvF,10,0,0.927,0.839,0.0324,0.641,4.56e-06,0.0602,-5.669,0.0858,97.004,4,242560
31,12qZHAeOyTf93YAWvGDTat,0,1,0.712,0.442,0.00844,0.893,0.0,0.529,-4.878,0.0505,148.119,4,168000
32,6vgN6KGstss0GnBbKlMNK9,2,1,0.734,0.627,0.127,0.716,0.0,0.0344,-7.175,0.0352,101.99,4,186067
33,13pG2aMM5FWBvVgSfp08fv,1,1,0.298,0.599,0.38,0.47,0.0,0.111,-8.356,0.0376,127.177,4,273707
34,6jI7mAgjr5XByJ5pi7tCfv,4,1,0.967,0.728,0.0814,0.94,0.000162,0.109,-5.034,0.0368,113.76,4,237240
35,046MBhhgQJJghnbgZCkaAR,7,1,0.564,0.478,0.02,0.736,9.58e-05,0.118,-7.124,0.0367,144.705,4,229827
36,1RS3LStQYhju50eBdD9Uul,10,1,0.148,0.348,0.592,0.532,0.0,0.106,-5.882,0.0331,129.297,4,257360
37,1PmHkalaUHhh0fz23SBHDL,1,1,0.891,0.761,0.175,0.627,0.0,0.128,-5.554,0.0538,109.821,4,263227
38,1ckU1EhAO0Nr73QYw24SWJ,7,1,0.473,0.77,0.0561,0.475,4.72e-06,0.0607,-9.512,0.159,82.511,4,261573
39,3jidVkVSRVg2H5TGwhLCLj,5,0,0.963,0.729,0.0231,0.881,0.0,0.0872,-5.024,0.0283,118.58,4,182267
40,2yAVzRiEQooPEJ9SYx11L3,7,0,0.765,0.822,0.259,0.969,0.000153,0.39,-11.471,0.0582,128.007,4,283748
41,3zYufmyv6HOuiHn1eMR6Ja,0,0,0.147,0.586,0.011,0.659,0.0,0.106,-7.92,0.0304,111.989,4,285960
42,7KccdUP4IslFXUNNseqBc7,5,0,0.77,0.948,0.0287,0.656,0.0,0.0472,-4.34,0.0606,104.495,4,284533
43,6gEioWsXbaNY025YFTYaBE,11,0,0.692,0.753,0.0392,0.745,0.00321,0.0664,-5.698,0.0312,97.919,4,298933
44,3NEzjZbeSCy72Kx1clSYgC,7,0,0.726,0.829,0.067,0.652,0.0,0.0812,-8.693,0.108,99.581,4,243159
45,7tBTYzFlsTop8Fc6UwKgaL,2,0,0.778,0.625,0.123,0.822,0.0,0.145,-4.777,0.035,96.555,4,261093
46,6naxalmIoLFWR0siv8dnQQ,1,0,0.894,0.751,0.3,0.834,1.77e-05,0.355,-5.444,0.0437,95.053,4,211160
47,5gZEhPrN1VLqTG1nIAXeNK,4,0,0.0743,0.59,0.156,0.666,0.0,0.136,-4.047,0.0244,104.042,4,263800
48,3vBCidtb2COLLFOYv9ngxV,8,1,0.259,0.562,0.678,0.493,0.0,0.14,-7.913,0.0341,80.987,4,223469
49,2c5wml8wsBnPfNSbCZ574T,2,1,0.276,0.446,0.000103,0.762,7.2e-05,0.26,-8.971,0.0422,98.993,4,359520
50,64BbK9SFKH2jk86U3dGj2P,0,1,0.513,0.458,0.00316,0.795,0.000202,0.0756,-3.265,0.0574,123.229,4,255373
51,3LL7bpdVHDSGq0qv3t7nU6,4,0,0.394,0.53,0.192,0.752,0.0,0.476,-10.621,0.37,137.591,4,261101
52,1MOqMyQ7CULmWWjovkFY5B,0,1,0.252,0.565,0.579,0.547,0.0,0.194,-7.722,0.0347,75.018,4,209320
53,3VEZvzr84WVnoorZ4tlBSw,8,0,0.508,0.721,0.112,0.836,0.0,0.235,-3.972,0.206,126.279,4,244053
54,3UrD2ZM5xfp3wThKlyZzSY,0,1,0.643,0.798,0.247,0.48,0.0,0.237,-5.564,0.0276,108.241,4,255600
55,3lqT89gv8p3PYwXtr3ODjv,1,1,0.224,0.736,0.0593,0.666,3.82e-05,0.107,-4.929,0.0337,89.824,4,226760
56,5brvhhh3IWBMhdntdi1uJw,6,1,0.533,0.694,0.000355,0.715,5.21e-06,0.214,-4.294,0.0267,127.989,4,292427
57,5nBQ3h196Qx78Im2DRErrs,4,1,0.31,0.628,0.0569,0.749,0.00204,0.134,-5.18,0.03,129.2,4,327667
58,1jRzdY7oUBOhrylNtiMtBD,7,1,0.666,0.914,0.0626,0.607,0.0,0.0515,-5.658,0.32,98.054,4,256973
59,4eboQESZB6YGrnsEgYo6eU,5,0,0.576,0.744,0.35,0.415,0.0,0.0891,-8.987,0.106,75.571,4,348893
60,4ocbH5ZJqajZIpUrqRUoue,7,1,0.594,0.675,0.0863,0.553,7.58e-06,0.118,-7.775,0.0486,90.02,4,239933
61,2AaknMNIfzMqZGvbcDsJHZ,11,1,0.53,0.51,0.0738,0.931,0.0,0.5,-3.302,0.347,201.936,4,268867
62,7hUGxgzqqtCju8u7NSHeTN,1,0,0.321,0.788,0.0648,0.7,5.71e-05,0.17,-5.175,0.0438,97.993,4,235893
63,0Zh5U48tZNeAzzLTV1CVBE,8,1,0.603,0.925,0.092,0.737,0.0,0.169,-1.292,0.0777,133.946,4,222240
64,296XGtH5MeGisqD3uAz6Q6,2,1,0.818,0.488,0.129,0.923,0.0,0.158,-3.697,0.103,183.891,4,202253
65,5cSPxI8joD9uZsuw92SIug,9,1,0.334,0.512,0.416,0.623,1.29e-05,0.265,-4.713,0.029,131.908,4,241013
66,20LxTsa6936zOlzTWqoPVt,3,0,0.311,0.92,0.0313,0.891,0.0,0.083,-2.398,0.253,95.295,4,161600
67,70XtWbcVZcpaOddJftMcVi,7,1,0.706,0.677,0.56,0.665,1.01e-06,0.338,-5.171,0.0305,74.981,4,312533
68,5K42nFG0GelzG7oESUf7uj,4,1,0.201,0.582,0.195,0.62,2.58e-06,0.0993,-8.465,0.0281,102.018,4,281840
69,1PrZOkFxJqTZAH8P3x87hW,2,1,0.452,0.674,0.00408,0.623,5.61e-05,0.0488,-5.97,0.0283,126.547,4,206733
70,7tmK7bCxKxEqCF5xUROyWg,9,1,0.296,0.647,0.687,0.482,0.0,0.237,-5.036,0.029,132.335,4,204067
71,2uZwyxrg6VPvlVsvclIfel,5,0,0.453,0.664,0.52,0.396,0.0,0.268,-9.131,0.0298,102.053,4,253627
72,5hM3QJjTsmSEMwHw0dFISp,0,1,0.669,0.648,0.0534,0.667,6.94e-06,0.0908,-8.986,0.0311,109.609,4,209067
73,3JEPfsHlaIfPsB6I8BY4Sl,9,1,0.263,0.444,0.12,0.484,0.0,0.135,-8.311,0.0289,147.715,4,279867
74,3dbywb1zxwI3h1m9o304eY,11,1,0.755,0.504,0.000807,0.901,0.0,0.0839,-3.776,0.0491,132.729,4,238333
75,5d8woPn6sHRA6yPnnHnqSt,10,0,0.817,0.879,0.017,0.681,0.0,0.0669,-8.951,0.24,99.974,4,221160
76,487Dyzs7Xbbk4hIWYyYT80,11,1,0.433,0.859,0.0661,0.622,0.0,0.0394,-8.196,0.0445,134.007,4,243533
77,09k2b6shEz5Xd6cuo8DHWu,7,0,0.244,0.381,0.0569,0.451,0.0,0.112,-9.592,0.0307,151.109,4,294440
78,45e8T07myBjutIx2xh8Kq5,8,0,0.786,0.671,0.00182,0.88,0.667,0.285,-6.149,0.0552,136.956,4,214883
79,1C2Q3AymKS17bw7T5gfq6p,7,0,0.74,0.85,0.309,0.674,0.000645,0.0356,-7.981,0.0373,115.005,4,220107
80,2Fsg9at6oxnR7h6PhNcOmE,4,1,0.769,0.739,0.498,0.688,0.0,0.17,-5.581,0.0349,126.998,4,211253
81,0IvTGWbNnCiUi9IOF7ye3F,9,1,0.852,0.826,0.0101,0.656,0.000113,0.0272,-8.529,0.0617,129.963,4,251040
82,4rZB2G955dQMcjlb7e3VNB,4,1,0.322,0.696,0.0685,0.627,0.0,0.0993,-5.629,0.0334,116.047,4,274267
83,4DJwdQDai9DLYBL9TNrEDo,4,0,0.352,0.688,0.131,0.716,0.0,0.134,-4.001,0.0297,96.043,4,247600
84,79z200uPQGL39Ms0nqzF2f,8,1,0.944,0.842,0.367,0.639,0.0,0.223,-8.63,0.151,71.992,4,203200
85,3rXCZRMiMZp0feGcYXpwYX,6,1,0.455,0.467,0.365,0.622,0.00527,0.0982,-7.255,0.031,164.418,4,287267
86,0Lu2QVNjbM4QiuWUUoCG8b,9,0,0.693,0.702,0.526,0.573,0.0,0.23,-5.69,0.0344,129.999,4,255093
87,69XUpOpjzDKcfdxqZebGiI,6,0,0.927,0.73,0.362,0.602,3.69e-06,0.169,-3.782,0.206,97.954,4,221133
88,1rj0XawWJNisX7SGYexowJ,0,0,0.758,0.739,0.205,0.75,0.0,0.157,-4.513,0.0278,109.983,4,200160
89,5jOvmh1DYmaiBPETL6HCRY,10,0,0.854,0.694,0.00224,0.941,0.0826,0.109,-6.108,0.0408,125.014,4,246507
90,5siee1e4lz8uF51OokjglA,7,1,0.813,0.79,0.0313,0.68,0.0,0.194,-7.807,0.153,100.442,4,196240
91,4pbyDPjFgfPqFTcIMC8xpK,7,1,0.861,0.708,0.0267,0.772,0.0,0.467,-4.264,0.0322,103.035,4,258560
92,6jWLyg8AuMQ9LtIB2UlfOF,1,1,0.502,0.537,0.000966,0.858,0.0,0.0812,-4.903,0.0349,124.599,4,216360
93,0KQx6HOpJueiSkztcS0r7D,11,0,0.482,0.652,0.263,0.609,0.00101,0.233,-7.519,0.037,95.986,3,210200
94,5kwYu0MpbpHVIwOFJHQKHb,2,1,0.702,0.753,0.0175,0.933,0.0853,0.127,-3.011,0.0743,113.521,3,329933
95,2hKdd3qO7cWr2Jo0Bcs0MA,0,1,0.497,0.481,0.153,0.638,0.0,0.154,-5.862,0.0276,79.064,4,259933
96,0KVDgPXa4xckOzKE5Xae3I,7,1,0.734,0.875,0.00466,0.845,0.00341,0.0806,-3.787,0.0368,110.793,4,297293
97,2f5N826udWfjT9iomeaBJt,9,1,0.361,0.544,0.427,0.659,1.33e-06,0.126,-7.191,0.0298,109.933,4,274933
98,5DCA1FOUDBURlRTNg4ganf,1,0,0.887,0.905,0.249,0.559,0.0,0.0646,-4.237,0.11,90.031,4,229933
99,3yUcJwYu7fXAfqMj9krY6l,1,0,0.762,0.725,0.3,0.583,0.000238,0.0665,-9.942,0.0427,79.984,4,218360
100,5c1QJAiC3773EwiZLwHf5x,2,1,0.789,0.55,0.0148,0.804,4.33e-05,0.105,-5.218,0.0271,79.166,4,231667
101,69XUpOpjzDKcfdxqZebGiI,6,0,0.927,0.73,0.362,0.602,3.69e-06,0.169,-3.782,0.206,97.954,4,221133
102,0ho4ac5tM9CNcmeIElhadF,5,0,0.67,0.696,0.169,0.722,0.0,0.289,-5.319,0.0801,90.116,4,250493
103,1lzr43nnXAijIGYnCT8M8H,0,1,0.654,0.853,0.0561,0.606,0.0,0.313,-4.596,0.0713,94.759,4,227600
104,4d9oGo5vYemu3GUqTXYEMA,9,0,0.642,0.638,0.166,0.53,0.0,0.0746,-7.962,0.0514,87.037,4,232133
105,1BExV8JprNJLvLeDE9qdEW,6,1,0.0824,0.509,0.00189,0.774,0.000549,0.143,-4.054,0.0338,116.529,4,264707
106,2QsZVnbWVSjKMXK6K3uRBL,6,1,0.726,0.657,0.194,0.629,0.0,0.254,-4.938,0.0782,93.985,4,266893
107,5mNV8Mz59bzyuQ53gTw0c0,5,0,0.86,0.596,0.31,0.661,0.0,0.0847,-6.239,0.226,129.491,5,232573
108,6dViIgkYIRccNImPln58rS,6,1,0.807,0.74,0.116,0.766,0.0,0.0406,-2.939,0.178,170.531,4,235133
109,6R9bdvExOZiLrwmBkXsPGr,7,1,0.722,0.85,0.0616,0.7,1.8e-06,0.244,-6.49,0.0478,101.875,4,291782
110,4KoecuyOpZaNFZ0UqVsllc,5,1,0.916,0.817,0.439,0.585,0.0,0.147,-4.688,0.0301,105.014,4,218440
111,2SLZ2rX5773RS16mcqBxG7,4,0,0.768,0.677,0.00277,0.52,0.0,0.0532,-6.255,0.334,203.862,4,193093
112,7nnWIPM5hwE3DaUBkvOIpy,4,0,0.666,0.645,0.0562,0.792,0.0121,0.119,-7.34,0.036,90.565,4,232453
113,1JeRFLoIpWHUgYogZCNUPY,7,1,0.833,0.738,0.244,0.776,0.0,0.469,-7.32,0.235,95.942,4,175399
114,2Mpj1Ul5OFPyyP4wB62Rvi,1,0,0.619,0.514,0.0559,0.911,0.0,0.775,-2.027,0.41,161.109,4,254027
115,22i1Mf8U86PP8PqXh6S6DG,5,1,0.611,0.741,0.0148,0.859,1.84e-06,0.664,-2.223,0.057,109.905,4,265973
116,0I3q5fE6wg7LIfHGngUTnV,4,0,0.613,0.843,0.143,0.806,0.0,0.0771,-5.946,0.269,94.948,4,270507
117,6QAOkWnUrLLoDfmndW9Z3P,4,0,0.66,0.777,0.00275,0.834,1.3e-06,0.361,-5.129,0.0843,97.527,4,221467
118,6vgN6KGstss0GnBbKlMNK9,2,1,0.734,0.627,0.127,0.716,0.0,0.0344,-7.175,0.0352,101.99,4,186067
119,2ozJmnjqCMJavEKoHqiou0,8,1,0.601,0.723,0.0925,0.927,2.57e-06,0.128,-5.848,0.208,155.898,4,226667
120,07OYtgq6wXgC5CzI9HbZ1w,9,0,0.641,0.739,0.00131,0.808,0.000174,0.139,-4.797,0.0818,103.51,4,215800
121,0VGHoMRGfUf2CMFokyuhaC,1,0,0.791,0.831,0.0024,0.79,0.0,0.0515,-4.714,0.165,93.14,4,262827
122,5q4I6I0ytvTKuYe1Fquxnx,8,0,0.967,0.914,0.133,0.551,2.61e-05,0.0841,-3.879,0.0455,92.889,4,265867
123,09k2b6shEz5Xd6cuo8DHWu,7,0,0.244,0.381,0.0569,0.451,0.0,0.112,-9.592,0.0307,151.109,4,294440
124,1sVv67vCTTKGBM5ZHYAcli,4,1,0.39,0.623,0.0358,0.714,0.0209,0.101,-6.996,0.0442,97.13,4,229093
125,23EhTCPRTlLVM6VQUyh8bH,7,1,0.679,0.699,0.0502,0.618,0.000925,0.0914,-7.338,0.0594,99.965,4,280973
126,6zsk6uF3MxfIeHPlubKBvR,0,1,0.74,0.797,0.533,0.75,0.108,0.095,-9.369,0.247,177.87,4,211120
127,7cBkvVb3j6ZpNxv4fm49Dd,0,1,0.484,0.68,0.0886,0.642,0.0,0.6,-4.534,0.0262,116.101,4,262773
128,5c0gNby3UO6SEk5uJvdSMz,8,1,0.858,0.686,0.418,0.742,0.00728,0.0871,-6.981,0.0389,132.495,4,231493
129,10uLBkJPoWrWnyQuP5MqGJ,2,1,0.908,0.736,0.141,0.916,0.00044,0.178,-4.155,0.043,127.883,4,272360
130,1p7hxxdJVLcSuIp7k6kidC,7,1,0.209,0.39,0.103,0.715,0.0,0.183,-6.12,0.0329,140.791,4,234667
131,7hUGxgzqqtCju8u7NSHeTN,1,0,0.321,0.788,0.0648,0.7,5.71e-05,0.17,-5.175,0.0438,97.993,4,235893
132,7pbNNVcFePJV3Wani6zH8q,0,1,0.234,0.652,0.257,0.447,0.0,0.253,-5.507,0.0287,126.905,4,250800
133,31CsLSgn0HdZEVC8Bnnmvr,1,0,0.586,0.835,0.00247,0.833,0.0,0.171,-4.364,0.284,103.358,4,207733
134,5xPQsTrT2LjidijK2Tzlxh,10,1,0.616,0.623,0.145,0.605,3.46e-06,0.227,-5.113,0.0353,89.656,4,243160
135,5ZPp1V3PufN6qhAe3rLNmb,11,0,0.527,0.544,0.00657,0.878,1.43e-05,0.17,-5.145,0.0288,99.024,4,233827
136,16Kue5oSvbKZank8Gm8wcn,7,1,0.423,0.857,0.0615,0.497,0.0,0.283,-6.078,0.128,94.938,4,196760
137,3eWxADd1CLwJVhyPzrCpl8,4,1,0.936,0.677,0.0465,0.771,0.0,0.165,-5.852,0.0471,99.91,4,218333
138,4iihDHIoKZdOeOW1kFDUtR,9,1,0.632,0.517,0.005,0.89,1.47e-05,0.0824,-4.033,0.0539,118.009,4,214333
139,1X1KDnhTnb28tpJlgOV3lD,5,0,0.646,0.751,0.136,0.568,0.0,0.0288,-5.431,0.0872,128.002,4,246720
140,6c7b38jca5pwnY6Tf8W7n5,1,0,0.756,0.521,0.273,0.548,0.0,0.0438,-7.425,0.072,172.544,4,284760
141,0Uyh92tLyb9JawG8lmWCzJ,3,0,0.423,0.562,0.318,0.594,0.0,0.311,-4.578,0.0558,62.876,4,265533
142,46n2EGFnPC3tzWCN1Aqe26,2,1,0.466,0.55,0.354,0.587,0.0,0.128,-6.279,0.0329,165.975,4,284760
143,2mnQSfxDVIdO74cmMW4gFt,7,1,0.575,0.77,0.00357,0.828,7.5e-06,0.34,-7.599,0.32,92.406,4,288787
144,3xYwc8Jjv47NbtnYGn8Bvt,6,0,0.644,0.768,0.286,0.541,0.0,0.107,-5.183,0.1,95.715,4,265588
145,2gdt70w8DOCWGq1HdkgSUd,0,1,0.41,0.457,0.000487,0.926,5.69e-05,0.0949,-5.461,0.038,93.964,4,202027
146,3z7UpNMQxSoS1V4PtupjD1,11,0,0.552,0.631,0.196,0.682,0.0,0.628,-5.845,0.0289,99.64,4,305333
147,656iArbmLuFlQxYytP7JaS,1,1,0.388,0.555,0.07,0.926,0.0,0.74,-9.366,0.268,98.277,4,64169
148,6tCwruHQ4QHJRNHlLTj6RF,9,1,0.61,0.848,0.0193,0.638,7.15e-06,0.131,-8.395,0.306,93.881,4,274693
149,0xwBnVDGM7t5rjDN7AWqx0,7,1,0.717,0.913,0.193,0.864,2.52e-05,0.0302,-5.394,0.215,97.975,4,212173
150,6FLwmdmW77N1Pxb1aWsZmO,3,1,0.213,0.418,0.841,0.249,0.661,0.112,-13.744,0.0301,82.803,4,218547
151,0NdEFLohwfZpyncrBCq1ZY,6,0,0.91,0.781,0.0859,0.583,0.00216,0.058,-7.83,0.0628,156.264,4,213493
152,1229CMlKZ0VULaGt0lTVzc,5,1,0.471,0.643,0.485,0.536,0.0,0.0831,-5.593,0.0278,122.919,4,240267
153,08GOEVXupC6ECbulhPGQKm,0,1,0.206,0.676,0.103,0.601,0.0,0.147,-4.905,0.0297,119.94,4,285387
154,2TVSa07y6g3HRn4oLWv57M,8,0,0.687,0.659,0.0279,0.966,8.25e-05,0.0489,-2.783,0.0538,93.008,4,193600
155,0xikWgPgYN9BEes0ieZ8Co,3,0,0.678,0.697,0.0614,0.925,0.0,0.095,-4.209,0.216,96.951,4,295827
156,26eo3hAqeiUvXFs3viAi1s,9,1,0.192,0.417,0.136,0.763,0.0,0.178,-4.901,0.0357,170.278,4,243067
157,5t2gSYVvBV9kH4t7Czertq,8,1,0.17,0.321,0.513,0.511,0.0,0.127,-7.77,0.0306,128.98,4,222120
158,5taoBCSnVzfJ6tIaniHGLU,6,0,0.307,0.46,0.296,0.511,0.0,0.097,-6.435,0.0511,99.281,4,303600
159,769geiA8btidGHda4BBDOJ,1,1,0.233,0.66,0.0106,0.71,7.01e-06,0.0736,-4.541,0.0409,97.988,4,264933
160,5zn1hpm9N0ylKB7kOtpCw2,2,0,0.761,0.721,0.102,0.723,4.4e-06,0.0651,-7.08,0.0631,88.933,4,263440
161,13rH92OpO0KIdBnmlnnLEh,2,1,0.649,0.589,0.0782,0.687,0.000289,0.419,-6.222,0.0981,180.214,4,276067
162,6CkydK3NOAMScIhViRzXoB,0,1,0.705,0.325,0.144,0.887,1.35e-06,0.431,-4.199,0.0569,202.339,4,199413
163,5ai6x1LTkX7MJEZJOldqBd,6,1,0.9,0.711,0.0359,0.848,0.0015,0.0316,-1.51,0.182,104.671,4,211560
164,34Vn9nKfztyLco9lJazy4j,3,1,0.221,0.377,0.61,0.395,0.0,0.295,-8.622,0.0332,133.296,4,253373
165,0s9A4pUBLw68E76vY8LU9K,1,1,0.584,0.82,0.0481,0.761,0.0,0.218,-2.714,0.219,97.423,4,221000
166,0gzqZ9d1jIKo9psEIthwXe,11,0,0.389,0.536,0.0154,0.928,0.00134,0.2,-6.492,0.0589,136.258,4,248400
167,2WQAknZHrJAEQOFXe0F44P,7,1,0.275,0.605,0.188,0.609,0.0,0.0982,-7.063,0.0278,119.914,4,230333
168,1c1OBDn66AqL2NM0Wa0oCf,0,1,0.613,0.623,0.035,0.896,0.0,0.0941,-4.719,0.247,95.158,4,300933
169,7geboIcI8nUu3vYKLqP3Hf,10,1,0.663,0.424,0.145,0.583,0.0,0.107,-6.68,0.0295,203.422,4,234467
170,14DwbS9OjC4E5Ar91vE787,6,1,0.633,0.854,0.0554,0.768,0.0,0.041,-4.086,0.339,106.07,4,257067
171,6UPiQffjSYMceORrjJg0Fp,11,1,0.8,0.638,0.0507,0.822,2.44e-05,0.0908,-7.305,0.038,99.012,4,314160
172,2bkvE99fAUkYgOxvuxsPfc,4,0,0.204,0.709,0.24,0.449,0.0,0.134,-7.251,0.04,113.023,4,346467
173,3WyV8dr1Z9V3SRm1kvQvo0,7,1,0.302,0.442,0.0103,0.666,0.0,0.114,-5.573,0.0321,84.164,4,254987
174,6f67kjvFmXZTA47K8JNVBU,9,0,0.816,0.647,0.234,0.818,1.89e-05,0.216,-3.47,0.0647,180.019,4,183560
175,04ccQGJ1i8gL7JoeCPiJbv,7,1,0.617,0.499,0.00626,0.708,1.15e-05,0.0423,-7.029,0.0301,158.785,4,203067
176,1uMi5mWtY2HHiUwHl7S9p7,4,1,0.273,0.659,0.627,0.49,1.32e-06,0.134,-5.093,0.0273,131.081,5,215627
177,7sOqd1dVmfU5mgqrUtlqc5,6,1,0.659,0.42,0.068,0.463,0.0,0.119,-9.056,0.12,78.83,4,334000
178,3oW6SWwGqiZSPTiAp7ZQoH,7,1,0.542,0.595,0.246,0.653,0.0,0.264,-4.935,0.0265,128.93,4,241533
179,6j2aNuhJJUnRj6UHcvn5PI,11,1,0.586,0.933,0.0275,0.561,0.0,0.102,-5.961,0.122,139.976,4,254400
180,4tgeQrPu5xkrnwErym2JsJ,7,1,0.352,0.583,0.0405,0.652,0.000378,0.0781,-6.255,0.0244,97.469,4,249840
181,6JdffEHQyQHGfGg6tiRMan,7,1,0.328,0.439,0.474,0.665,1.56e-05,0.26,-7.671,0.0351,168.707,4,223467
182,5W3cjX2J3tjhG8zb6u0qHn,6,0,0.692,0.817,0.0427,0.716,0.00263,0.358,-8.898,0.144,123.474,4,224693
183,7bcMn7CmUm5QbJipo2gZnu,3,0,0.515,0.547,0.593,0.698,0.0,0.69,-7.803,0.125,157.978,4,251760
184,6glsMWIMIxQ4BedzLqGVi4,5,0,0.915,0.725,0.0281,0.64,0.0,0.099,-7.905,0.332,166.028,3,240027
185,4E7QLdfaaKpvTgrLGEls00,2,0,0.406,0.834,0.0732,0.481,0.0,0.0934,-7.824,0.188,89.849,4,285907
186,7LoKCvrUJf8AbpbbmFI5NX,7,1,0.313,0.491,0.00462,0.724,2.56e-06,0.133,-5.437,0.024,95.928,4,265907
187,2jYDJD3CVByOe08jplCn7Y,11,0,0.692,0.753,0.0392,0.745,0.00321,0.0664,-5.698,0.0312,97.919,4,298933
188,5bCxcsT08RAtM4AvK9Gryi,7,1,0.652,0.657,0.0728,0.647,0.00143,0.278,-10.293,0.268,96.846,4,321733
189,3Y8WRvVlQHMvtBwaV4TGlJ,7,1,0.149,0.555,0.147,0.638,2.31e-05,0.107,-5.555,0.0418,151.933,4,264240
190,3E8eSqBoqLs8ELbrK3NJHs,1,1,0.34,0.315,0.000142,0.829,0.00077,0.217,-4.117,0.0422,152.135,4,237347
191,0gmbgwZ8iqyMPmXefof8Yf,10,1,0.543,0.446,0.00135,0.764,0.0,0.099,-5.042,0.033,172.094,4,223840
192,6zMUIb4uce1CzpbjR3vMdN,0,1,0.707,0.665,0.347,0.695,0.0,0.106,-5.763,0.0532,90.119,4,227387
193,04KTF78FFg8sOHC1BADqbY,11,0,0.912,0.956,0.206,0.745,0.0,0.0615,-4.753,0.12,107.075,4,228240
194,0ARK753YaiJbpLUk7z5yIM,2,0,0.607,0.727,0.227,0.552,0.000164,0.198,-8.074,0.14,168.189,4,289160
195,37qI0mchgzUSeUhPiwUWPY,2,1,0.354,0.551,0.0392,0.696,0.0,0.127,-6.192,0.0265,112.024,4,209360
196,4w1lzcaoZ1IC2K5TwjalRP,11,1,0.268,0.56,0.323,0.825,0.0,0.161,-3.862,0.0379,94.931,4,237493
197,60a0Rd6pjrkxjPbaKzXjfq,3,0,0.4,0.556,0.00958,0.864,0.0,0.209,-5.87,0.0584,105.143,4,216880
198,2mKouqwAIdQnMP43zxR89r,8,1,0.919,0.835,0.0219,0.707,2.19e-05,0.108,-5.074,0.0598,93.955,4,267093
199,7J41dYQolQJEtj3UmKLu5r,1,1,0.649,0.816,0.0227,0.5,1.53e-06,0.0733,-4.551,0.03,124.037,4,247840
200,0FLBNqc5oAiTt4J2e3fe3y,3,0,0.499,0.432,0.00691,0.936,0.0,0.14,-4.537,0.0562,157.469,4,303920
201,5xEM5hIgJ1jjgcEBfpkt2F,5,1,0.427,0.585,0.0572,0.776,7.74e-06,0.3,-5.898,0.0459,77.987,4,244507
202,4hrae8atte6cRlSC9a7VCO,5,0,0.839,0.839,0.208,0.706,0.0,0.242,-6.104,0.199,96.673,4,245133
203,5ZlGHmlIcQCZbSGedpzuZz,8,1,0.816,0.785,0.371,0.757,0.0,0.103,-2.699,0.127,89.442,4,229853
204,6GG73Jik4jUlQCkKg9JuGO,2,1,0.903,0.643,0.0371,0.849,0.0,0.058,-5.428,0.0526,162.152,4,165853
205,7lVNTXkI3cHFvcXiI8damb,6,1,0.761,0.66,0.397,0.707,0.0,0.211,-5.758,0.208,89.279,4,268800
206,5PCJldueshnwqQVjS16543,1,1,0.806,0.793,0.0478,0.568,3.57e-05,0.0304,-4.958,0.0459,100.005,4,269400
207,3aw9iWUQ3VrPQltgwvN9Xu,8,0,0.969,0.911,0.132,0.551,4.12e-05,0.0863,-3.75,0.0449,92.887,4,265867
208,4VmfVCKlvyhyN9yYi0ddl9,1,0,0.752,0.678,0.424,0.569,0.0,0.034,-4.657,0.429,199.868,4,284000
209,0WgLpgUdThEpA5L5K0SKq7,1,0,0.827,0.723,0.0619,0.84,0.0,0.0945,-3.523,0.0608,94.332,4,239267
210,2VSbEXqs6NbNiZSTcHlIDR,2,1,0.257,0.32,0.000101,0.88,4.31e-06,0.076,-6.035,0.0504,146.349,4,294600
211,5p7ujcrUXASCNwRaWNHR1C,6,1,0.533,0.752,0.297,0.488,9.11e-06,0.0936,-7.05,0.0705,136.041,4,201661
212,1PAgmT6YqGhd6zT9kN9gIo,7,1,0.159,0.346,0.136,0.641,8.4e-06,0.108,-5.627,0.0504,77.281,4,264240
213,0kr6d8wHDQPlzuET33NVn6,8,1,0.652,0.499,0.00466,0.72,0.00303,0.122,-9.101,0.0286,96.103,4,217680
214,02jcEwywffn3Tsb48fXmlW,11,0,0.96,0.802,0.0011,0.903,0.0,0.173,-3.267,0.046,128.93,4,192533
215,779ooI3rBd0CLqCiiJmtVo,4,1,0.304,0.427,0.00216,0.843,0.0,0.179,-4.54,0.0364,147.387,3,200480
216,5dpAN1mjFPL38kh9kWsCiw,2,1,0.198,0.449,0.00171,0.776,0.0,0.0698,-5.594,0.0322,148.11,4,269307
217,42T2QQv3xgBlpQxaSP7lnK,2,1,0.195,0.386,0.00841,0.677,0.00366,0.341,-5.83,0.0346,126.602,4,238240
218,2lnzGkdtDj5mtlcOW2yRtG,1,0,0.871,0.794,0.237,0.832,1.14e-05,0.203,-4.862,0.0407,107.657,4,196160
219,3SHSWxOXqCrw55LiXAB8J1,10,0,0.774,0.718,0.106,0.69,0.0,0.271,-4.382,0.265,93.401,4,172240
220,4gdQ8QShlC3toP9Mkc8DwB,6,1,0.828,0.754,0.0216,0.767,0.0,0.172,-5.586,0.145,83.014,4,204707
221,6ZbeoJ5NW0hhmSjjyfsX00,2,1,0.386,0.519,0.967,0.189,0.000802,0.0717,-11.54,0.0375,124.964,4,242587
222,7eT3MwJyoIu8Z5dzoiafTY,11,0,0.746,0.705,0.0602,0.872,0.0,0.228,-3.557,0.125,93.63,4,207040
223,5TxdQaqp2Xn9IBTlfq26l7,0,0,0.858,0.745,0.0887,0.807,1.49e-05,0.0283,-5.191,0.0884,93.967,4,253600
224,2cxbxpHrND6i4uvUGVvC9J,0,1,0.913,0.538,0.00541,0.677,0.0,0.236,-6.099,0.187,132.346,5,214200
225,1v2ECI79z8S4PQv9xYwIfU,4,1,0.698,0.711,0.0378,0.735,0.0,0.107,-5.026,0.0432,119.974,4,292133
226,1BfRdnfPYrni7zj4ANodBX,0,0,0.615,0.624,0.00234,0.85,0.0,0.0621,-4.754,0.0756,98.525,4,210693
227,3AGxsW3jxHTWSrz8u7gSeO,0,1,0.718,0.792,0.316,0.857,2.04e-06,0.163,-6.514,0.164,97.009,4,264776
228,5Y0E3dOeynKuLDAXu0t0Bg,10,0,0.775,0.66,0.233,0.536,0.00669,0.111,-8.786,0.29,159.963,4,237800
229,4kvdX9zzsix7jYHsRVkVUH,8,1,0.16,0.414,0.163,0.572,0.0,0.115,-3.918,0.0311,145.184,4,228280
230,36jSIOSE72neBbKntCthqw,11,0,0.367,0.701,0.0737,0.677,0.000162,0.187,-6.591,0.147,99.271,4,226440
231,6CbcdeTQKj0qTaZTt0xkdk,2,0,0.695,0.727,0.241,0.515,3.74e-06,0.124,-6.553,0.0289,89.488,4,262227
232,6Vecwo7AHst9V2CE3kmwr0,4,1,0.571,0.668,0.0383,0.739,0.0,0.13,-4.919,0.0308,131.918,4,231467
233,1BpV8IGf4XsRRJf4Xuui9q,9,1,0.25,0.689,8.72e-05,0.774,0.0,0.0941,-4.528,0.0278,102.054,4,236600
234,21iEEekDSvQjVARSQ4dpXY,7,1,0.519,0.64,0.252,0.59,0.0,0.665,-7.442,0.32,83.133,4,318213
235,3E7ZwUMJFqpsDOJzEkBrQ7,9,0,0.964,0.766,0.0263,0.563,0.683,0.115,-7.516,0.0339,126.007,4,230640
236,3TwtrR1yNLY1PMPsrGQpOp,0,1,0.125,0.382,0.0733,0.416,0.0,0.0719,-9.303,0.0302,102.089,4,221693
237,7BMO7O7ImjV8HNTH74Tshv,9,0,0.87,0.908,0.0687,0.758,0.0,0.0783,-4.753,0.174,148.015,4,297840
238,3oXNIpoUMdk8qGkwCeXqGv,11,0,0.418,0.412,0.462,0.77,1.5e-06,0.0485,-6.057,0.18,101.955,3,254493
239,3ht12Pai0tVMB2VCLgkcMS,1,1,0.837,0.798,0.163,0.905,0.0,0.0264,-7.079,0.0722,105.5,4,261587
240,563vSy3HB5NHxel1VGQCW6,11,1,0.56,0.675,0.0302,0.607,8.97e-06,0.339,-3.538,0.162,177.928,4,335613
241,1NRorokmYEtr1koWybvaE4,4,0,0.495,0.652,0.333,0.41,0.0,0.064,-8.323,0.158,75.09,4,303333
242,0gPQTLaqHDgdupKEok7J2x,4,0,0.888,0.659,0.23,0.812,0.0,0.0951,-7.499,0.0487,83.014,4,235133
243,2vN5Hb3lVKRHj0LzBvafzo,8,1,0.956,0.783,0.0321,0.67,2.34e-06,0.362,-5.049,0.372,90.359,4,220960
244,3jagJCUbdqhDSPuxP8cAqF,1,1,0.584,0.884,0.0778,0.677,0.0,0.0732,-5.603,0.283,101.868,4,263227
245,1Q9b6CeMcDuO0uq5OJCrqu,1,1,0.174,0.777,0.243,0.764,0.0,0.103,-5.681,0.141,177.868,4,270867
246,10FP9hm2aFfAIKEopqaG9D,6,0,0.626,0.628,0.403,0.834,0.0,0.051,-6.341,0.0497,97.865,4,215507
247,4anDsZBavxjw3Ktw6ICGYd,11,1,0.868,0.776,0.0277,0.844,0.000244,0.135,-5.305,0.0297,125.972,4,208627
248,3lQWDgrJoLokGHWq03O4ag,11,1,0.782,0.651,0.0548,0.644,0.00124,0.115,-5.917,0.0797,87.0,4,230360
249,6gsmFgUiSTuinJlScwFODv,11,0,0.567,0.489,0.00981,0.757,0.0,0.234,-4.062,0.0926,168.004,4,267160
250,2HStGirSZokbjdi1xU1QCW,7,0,0.941,0.836,0.0826,0.762,5.48e-05,0.102,-5.044,0.0598,133.592,4,162333
251,68LHBxcqYjYpOU2rKeJmoa,6,0,0.56,0.697,0.0844,0.793,0.0,0.0619,-4.699,0.323,89.767,4,238600
252,1v7L65Lzy0j0vdpRjJewt1,2,1,0.0596,0.686,0.00921,0.735,0.00066,0.342,-4.616,0.264,171.355,4,322227
253,0rT9f5BSZrZ6DvzfBEckG0,8,1,0.545,0.708,0.0583,0.655,2.1e-06,0.11,-2.69,0.0883,89.99,4,279160
254,5L10F9RikmCvAVOsNmFslE,5,0,0.748,0.686,0.263,0.698,0.0,0.39,-2.942,0.223,93.118,4,253200
255,15f8Cv8RXUlOOCIf2oaceN,8,1,0.362,0.616,0.691,0.597,0.0,0.104,-5.328,0.0415,165.508,4,224067
256,5iEICtXy955ORrlel2YqM3,6,1,0.533,0.412,0.195,0.667,0.0,0.305,-6.997,0.229,68.942,3,276373
257,0Uyh92tLyb9JawG8lmWCzJ,3,0,0.423,0.562,0.318,0.594,0.0,0.311,-4.578,0.0558,62.876,4,265533
258,6scuKWBHQvZFSWTrSPiqyT,9,0,0.699,0.592,0.169,0.643,0.0,0.0395,-7.486,0.354,195.558,4,244467
259,074v54tSEWLbq3Hu5wf6uh,2,1,0.717,0.814,0.0958,0.852,1.32e-06,0.0288,-6.176,0.401,184.682,3,295347
260,7cAx1FqlYHRoxJmnNNjbnI,4,1,0.867,0.73,0.222,0.738,0.0,0.391,-4.583,0.0736,138.208,4,302040
261,1Z8MFpIQAtaXbaS1HYpIV5,5,0,0.297,0.806,0.343,0.608,0.0002,0.193,-9.775,0.324,93.065,4,208840
262,0HJYzGavqzjiKMmm4F0UZv,6,1,0.721,0.668,0.232,0.806,0.0,0.18,-3.9,0.239,95.022,4,287000
263,3SCVtAJq8li6HlKfM4M08u,2,1,0.923,0.778,0.141,0.761,4.61e-05,0.0441,-5.529,0.0525,107.288,4,228000
264,4CCUjYJPbSXLL23BFeBVbI,11,0,0.495,0.704,0.43,0.409,0.0,0.109,-8.581,0.0597,113.863,4,292000
265,52gqeRlrBE7hqMlRxEsi6y,6,1,0.636,0.874,0.0554,0.768,0.0,0.041,-4.086,0.311,106.095,4,257067
266,3xDxsBF5dUfhzdTZG5Lu9K,5,1,0.876,0.852,0.361,0.406,0.0,0.0676,-9.899,0.173,131.093,4,242007
267,7p1PhtGLjq0ISncRXBHqXY,1,1,0.218,0.351,0.000502,0.74,0.00144,0.107,-3.432,0.0318,102.124,4,238333
268,7nWsh14AHpnTzq1Xejz90U,6,0,0.64,0.653,0.534,0.837,7.12e-05,0.0784,-6.818,0.124,97.914,4,326240
269,2RLpFEf6d0708O7Bqhjyxg,9,0,0.309,0.786,0.0499,0.853,0.0872,0.35,-8.274,0.0688,126.99,4,432147
270,6cZPfzVtkicrA3CyjqYKhu,4,0,0.46,0.567,0.0084,0.58,5.37e-06,0.0342,-5.757,0.223,157.596,4,265707
271,1EKiQ1InQXuodp4M1idrng,7,1,0.473,0.586,0.26,0.675,0.0,0.144,-7.819,0.0776,143.92,4,199587
272,2EcW94ak7kYH4mDMvI7iWg,8,1,0.822,0.896,0.177,0.649,0.0,0.0759,-3.792,0.208,99.107,4,213533
273,0eHT8N5YQglv8cYYizXvSw,7,1,0.242,0.565,0.452,0.5,0.0,0.137,-8.822,0.031,70.984,4,210933
274,0K3tgQDfulexWyVVDrxqb7,5,1,0.418,0.641,0.0688,0.72,0.00286,0.193,-5.209,0.0336,92.988,4,275027
275,3xzoXqypESowMIDPX760Ds,11,1,0.475,0.709,0.317,0.61,0.0,0.102,-7.206,0.0434,125.189,4,242067
276,3ME8wEbmrIlu5FS0Jgb0R0,2,1,0.34,0.615,0.152,0.68,7.18e-06,0.0797,-6.616,0.0338,123.9,4,270333
277,38084tN66v4KHqiLpl9cN8,5,1,0.452,0.731,0.0516,0.377,0.0,0.137,-7.907,0.0425,105.743,4,287027
278,6QxuZMdsElzjC1NnXUfl8c,10,0,0.609,0.611,0.372,0.654,0.00432,0.0926,-4.823,0.139,105.922,4,248933
279,2nBY2iQvxOIXrdlJvg7ZPo,2,1,0.908,0.855,0.0881,0.681,3.7e-06,0.0592,-4.955,0.0688,99.699,4,223293
280,1Hck0Y3AgGLIvv9pRuq3ti,6,1,0.0609,0.436,0.722,0.333,9.61e-06,0.187,-9.869,0.0354,119.483,3,341800
281,6P8pMrMxdkUtW7Ze6Zx2l1,2,1,0.65,0.587,0.0839,0.679,0.000316,0.413,-6.26,0.0927,180.184,4,276107
282,3YxKqZFpcxBPvpUssL8FS2,1,1,0.522,0.602,0.347,0.683,0.00338,0.11,-6.82,0.0304,120.787,4,218307
283,3vzmDjQ7E6gzAVg4ecp6XU,1,0,0.341,0.629,0.332,0.737,0.0,0.147,-4.309,0.0323,87.068,4,199813
284,2LVxvGhl2U5p2ql2ujc6vZ,7,1,0.52,0.513,0.00192,0.82,2.83e-06,0.504,-5.428,0.0299,99.952,4,269400
285,00Mb3DuaIH1kjrwOku9CGU,0,1,0.484,0.487,6.79e-05,0.9,0.0,0.358,-4.417,0.0482,149.937,4,204000
286,7lPX7NpHLs5J5tSktfXoo3,9,1,0.717,0.441,0.158,0.934,0.00058,0.128,-3.979,0.051,147.891,4,272867
287,3eSwvMfSA0Fyku6Ak5JEw0,0,1,0.189,0.623,0.549,0.387,0.0,0.0764,-9.537,0.0316,115.362,4,305093
288,6W2Ef5Ph6ILTUAedoQ3QIv,6,0,0.9,0.853,0.0439,0.811,0.000307,0.0703,-4.927,0.0646,114.964,4,283627
289,0NdEFLohwfZpyncrBCq1ZY,6,0,0.91,0.781,0.0859,0.583,0.00216,0.058,-7.83,0.0628,156.264,4,213493
290,7iL6o9tox1zgHpKUfh9vuC,6,0,0.777,0.899,0.255,0.713,0.0,0.0708,-2.752,0.366,90.051,4,193467
291,5dNfHmqgr128gMY2tc5CeJ,1,1,0.855,0.795,0.061,0.523,0.0,0.0914,-7.165,0.0423,133.024,4,186067
292,7C86DVl6REN8VPeGEMOf9q,10,0,0.726,0.735,0.615,0.824,0.0,0.158,-4.143,0.036,100.202,4,211666
293,5IVuqXILoxVWvWEPm82Jxr,2,0,0.681,0.646,0.00249,0.77,0.0,0.0715,-6.596,0.226,99.165,4,236133
294,3WbphvawbMZ8FyqDxYGdSQ,7,1,0.374,0.53,0.00385,0.768,0.0,0.103,-5.611,0.0284,148.095,4,260333
295,66s45uMhk7Y4z0xUgESdm3,9,1,0.437,0.442,0.0456,0.793,0.0,0.328,-5.152,0.0347,80.985,4,237267
296,0l3GEbH3CviUytD6iX4wzg,2,1,0.891,0.866,0.15,0.749,0.0,0.0614,-3.977,0.253,92.074,4,250747
297,2OT1u6a15DmFX7yMyTmAwb,10,1,0.511,0.685,0.709,0.351,0.0,0.111,-8.999,0.0303,109.771,4,240800
298,69j0KoPJuwpnbGWrfn7Yll,7,1,0.376,0.692,0.172,0.496,6.42e-06,0.107,-7.332,0.0241,97.945,4,298960
299,0COqiPhxzoWICwFCS4eZcp,4,0,0.296,0.331,0.00721,0.943,2.06e-06,0.242,-3.188,0.0698,94.612,4,235893
300,0r2Bul2NuCViraT2zX1l5j,1,1,0.136,0.521,0.0301,0.625,0.0,0.121,-7.47,0.067,101.019,4,334067
301,4WY3HyGXsWqjFRCVD6gnTe,1,1,0.791,0.655,0.0825,0.488,1.16e-06,0.221,-9.17,0.22,91.025,4,244827
302,1lKS7SZQ7r5vOChLwJurmm,1,1,0.909,0.662,0.176,0.808,0.0,0.169,-4.749,0.271,87.644,4,293667
303,70FCugJxa7XW04Np6iYJdI,6,0,0.895,0.646,0.349,0.813,9.37e-05,0.0427,-3.846,0.299,92.729,4,224440
304,2xlnEhQjSCqNPIJX42ARej,1,1,0.446,0.701,0.271,0.669,0.0,0.158,-5.265,0.107,83.066,4,254467
305,3TCauNPqFiniaYHBvEVoHG,5,0,0.0992,0.456,0.578,0.573,3.05e-06,0.114,-3.866,0.0275,76.19,4,238560
306,3oairMMtNVnUppKwroxou4,4,1,0.516,0.658,0.016,0.771,0.0,0.654,-4.318,0.271,85.949,4,324307
307,1jlG3KJ3gdYmhfuySFfpO1,9,1,0.208,0.457,0.08,0.406,0.0,0.117,-7.462,0.0291,151.95,3,223067
308,0RFgvrhkf9FiDRLA0BhzpZ,11,1,0.861,0.583,0.181,0.66,0.0,0.0979,-5.078,0.0377,151.956,4,255560
309,72LDmbkNgeHcsaBhjSaFPA,2,1,0.502,0.849,0.116,0.498,4.49e-05,0.268,-7.872,0.272,92.98,4,359973
310,3G0yz3DZn3lfraledmBCT0,10,0,0.848,0.712,0.0521,0.772,4.35e-06,0.0368,-3.024,0.346,84.722,4,249480
311,74jMwg2zsFMICzW3Wems6h,1,0,0.887,0.833,0.0956,0.681,0.0,0.0414,-6.028,0.215,95.48,4,282533
312,0yHConG49418wPs8UfAt44,7,0,0.58,0.546,0.233,0.538,0.0,0.118,-7.886,0.0523,182.12,4,295773
313,6lrRIfQDcikJ5y5DtyZPuJ,9,1,0.811,0.646,0.231,0.6,0.0,0.0794,-6.569,0.458,192.082,4,223973
314,4X25vRXOMu8nihzNtYhP2n,1,1,0.387,0.768,0.0564,0.652,0.0,0.425,-6.589,0.194,90.064,4,278693
315,1FreAz1lmnDi5aKLB6GdFM,5,1,0.828,0.835,0.101,0.687,0.0,0.132,-3.18,0.184,94.059,4,272533
316,41IShViF79gmulEkIHAjcb,2,1,0.674,0.59,0.0714,0.929,0.000153,0.0598,-3.236,0.0478,119.818,4,254467
317,1v7L65Lzy0j0vdpRjJewt1,2,1,0.0596,0.686,0.00921,0.735,0.00066,0.342,-4.616,0.264,171.355,4,322227
318,6pWzCKTrKrwbUPzY8RLCoP,4,0,0.849,0.71,0.408,0.797,0.0,0.16,-3.006,0.0582,94.998,4,209120
319,7Lf7oSEVdzZqTA0kEDSlS5,8,0,0.564,0.624,0.577,0.654,0.0,0.104,-6.582,0.183,73.898,4,288333
320,3OUApyz3jDB3syGUNGqB1d,3,0,0.525,0.733,0.107,0.521,0.0,0.0692,-3.657,0.0457,112.913,4,294693
321,1AWQoqb9bSvzTjaLralEkT,4,0,0.817,0.892,0.201,0.714,0.000234,0.0521,-6.055,0.141,100.972,4,267267
322,5dWfl2PBpKHpBVdz95wxK1,5,0,0.317,0.496,0.0479,0.819,0.000215,0.177,-5.656,0.0444,100.215,4,202013
323,0iFOG4Ki9aDmJUYUFHQlPG,9,0,0.759,0.894,0.453,0.404,1.57e-06,0.0801,-5.913,0.13,102.009,4,236507
324,5hviCr3lgg6LY6noG6DPKs,2,1,0.444,0.571,0.534,0.438,1.56e-05,0.187,-7.007,0.0279,145.948,4,230549
325,3jagJCUbdqhDSPuxP8cAqF,1,1,0.584,0.884,0.0778,0.677,0.0,0.0732,-5.603,0.283,101.868,4,263227
326,0aw5ZHhVEtSnuVJX7zMCX3,9,0,0.331,0.368,0.049,0.982,0.000401,0.332,-4.754,0.249,92.841,4,95667
327,39YovPslPCXbFYhlYjsZ2Y,11,0,0.885,0.879,0.114,0.73,0.0,0.241,-4.369,0.164,99.925,4,213227
328,6BIcjFZIVDZxNAcofRFPx4,8,1,0.586,0.618,0.176,0.552,0.0,0.252,-6.863,0.0981,81.975,4,242773
329,7kAFSrTIOiVZ0gnHBuAH3l,4,0,0.618,0.784,0.0847,0.459,0.0,0.079,-9.74,0.317,164.062,4,304000
330,1AjQE5MtP5jHQMyDepbvLI,6,1,0.777,0.811,0.0391,0.657,0.712,0.0798,-6.197,0.362,199.958,4,184907
331,4675yUu8AUbE72T94BkLCD,11,0,0.963,0.893,0.299,0.74,0.0,0.0881,-4.936,0.132,101.025,4,299147
332,75DjPjiIp2fvJDjtt41Jfs,0,1,0.439,0.707,0.362,0.538,0.0,0.317,-5.264,0.505,121.732,4,234893
333,2CZi8d774dBB0wiuWMIpr8,11,0,0.615,0.655,0.0861,0.623,0.000346,0.0652,-6.302,0.116,175.973,4,214787
334,0E29BKKGCJHcb7b9oIWgGB,3,1,0.529,0.454,0.0746,0.839,0.0,0.279,-5.368,0.0441,166.166,4,242200
335,0tLOX3QEuQJtz4FMLxHh10,4,0,0.496,0.818,0.0149,0.711,0.0,0.352,-5.816,0.285,84.03,4,297973
336,2BazJInNw1GV3Vxd82D7nW,4,1,0.207,0.428,0.281,0.441,0.0,0.262,-8.23,0.0295,98.368,4,211528
337,7vFv0yFGMJW3qVXbAd9BK9,5,1,0.687,0.647,0.0206,0.729,0.0489,0.134,-6.251,0.0236,94.01,4,249627
338,1AEYT6VxrxXPMoQUxsY0E4,4,0,0.534,0.492,0.000172,0.896,2.78e-06,0.189,-5.819,0.117,184.981,4,285570
339,5ojJNnX5ND2gMGojPd3NiO,1,1,0.319,0.691,0.508,0.541,0.0,0.0753,-5.873,0.0776,127.683,4,243307
340,2CtCwQhY0ZLvr8L2l8Bo6e,6,1,0.801,0.751,0.367,0.84,0.0,0.0916,-4.855,0.349,99.057,4,213760
341,4tK4ARuilOrBzwVQK73E0Y,10,1,0.795,0.589,0.04,0.867,0.0,0.306,-4.523,0.0385,94.519,4,256441
342,4Xfxmq0n9kMSIeb1EGcNoz,10,1,0.793,0.459,0.0352,0.905,0.0,0.187,-4.087,0.0784,168.102,4,231387
343,6LSMuQThRh6Ql0H6s13Jfu,1,1,0.863,0.679,0.0269,0.943,0.0,0.255,-1.682,0.293,92.906,4,279800
344,45BWoAVKPweZTPWzzFetSD,6,1,0.957,0.847,0.00804,0.754,4.49e-06,0.0517,-5.444,0.193,100.0,4,189893
345,5B7XIcS5T76NJZFOHX30Io,8,1,0.717,0.484,0.0039,0.827,0.00143,0.0876,-5.324,0.046,179.566,4,230760
346,2NPxL1QqPrD1a7OLHjVcAP,6,0,0.694,0.837,0.103,0.885,0.0,0.0666,-3.914,0.182,95.313,4,253720
347,7cAx1FqlYHRoxJmnNNjbnI,4,1,0.867,0.73,0.222,0.738,0.0,0.391,-4.583,0.0736,138.208,4,302040
348,7HhKuJbtiNbZsEDLNQvOnH,10,1,0.265,0.687,0.566,0.537,0.0,0.107,-7.631,0.0294,120.03,4,257307
349,40wYFDBxYnRUYObU6Wr3Wp,1,1,0.944,0.595,0.277,0.634,5.27e-05,0.0787,-5.226,0.282,89.086,4,219373
350,3NLrRZoMF0Lx6zTlYqeIo4,10,0,0.233,0.557,0.0492,0.533,0.0,0.205,-6.817,0.0252,143.994,4,238733
351,2eXlwgFPe6HgFaPJO8xQHK,1,1,0.873,0.802,0.0199,0.863,0.0,0.141,-3.552,0.2,81.008,4,219400
352,2ZqprVgnllancjXke8wLc5,4,1,0.722,0.831,0.194,0.695,1.24e-05,0.309,-6.491,0.109,132.817,4,209533
353,5oHHMDcVOmPSFrCgdbHPdb,2,1,0.88,0.713,0.208,0.772,0.0,0.211,-6.69,0.0372,125.202,4,230133
354,6pbCkvCENw0suVGr4Ckkae,1,1,0.59,0.757,0.0811,0.78,0.0,0.113,-5.038,0.319,97.917,4,232507
355,0cv1Mnb47oMvjVKMc2cyZw,8,1,0.538,0.859,0.0326,0.658,0.00181,0.0651,-4.481,0.192,98.989,4,255267
356,2CVJECHIdpe8otFH0XFI4F,5,1,0.454,0.529,0.0317,0.811,0.0,0.311,-5.62,0.0511,102.703,4,223573
357,2T4rXDppGlcy2lLuF4IyHq,0,1,0.352,0.638,0.506,0.54,0.0,0.157,-6.849,0.0473,143.772,4,218760
358,16DhvbuyvJob4Q9GHNYu2n,4,1,0.584,0.58,0.00935,0.748,0.0,0.753,-5.433,0.0323,109.781,4,216760
359,1XE1UGRpvvkaFEeqe1OJpw,5,0,0.199,0.655,0.444,0.433,0.0,0.221,-7.577,0.0348,130.127,4,245293
360,4nbTpzTM8sMxbIlYnLJVx1,10,0,0.926,0.858,0.238,0.755,1.15e-05,0.0571,-8.513,0.351,104.963,4,234173
361,0sYalxPCX8OcwdYZcFzRgN,7,1,0.816,0.718,0.00447,0.798,0.00629,0.064,-4.309,0.0584,100.031,4,228893
362,1p149YJfXkHkSzYp4UZUxV,5,0,0.653,0.631,0.0272,0.714,0.0,0.564,-7.259,0.355,87.98,4,338733
363,7E2DqvnVtbIrFrL5X6YH9Q,10,1,0.805,0.717,0.368,0.85,0.0,0.0495,-5.329,0.0473,119.005,4,204000
364,0FmCLEHfINGqwlyzvklNqy,7,1,0.948,0.81,0.0893,0.791,0.0,0.0838,-5.909,0.181,153.067,4,314400
365,6Nq5lE0CeOAAAqN4qhkbZU,5,0,0.535,0.662,0.688,0.748,8.43e-06,0.0841,-3.041,0.268,82.331,4,239027
366,0ieS2bue78yadTdPiyzsaO,5,0,0.462,0.618,0.134,0.413,0.000338,0.0913,-9.311,0.398,87.412,4,337573
367,7nXq1vaZiz7PdbfojpPjW5,4,0,0.45,0.435,0.235,0.92,0.000353,0.552,-1.357,0.201,188.899,4,245960
368,3nXh2gWpgtjBw4HTBSgZ3e,8,1,0.704,0.731,0.657,0.417,0.0,0.115,-8.708,0.168,88.161,4,252293
369,0BCPKOYdS2jbQ8iyB56Zns,5,0,0.255,0.577,0.599,0.749,0.0115,0.183,-7.215,0.0279,130.97,4,307880
370,3OQu3z3okKVmWxSXTTHak5,5,0,0.513,0.649,0.492,0.536,0.0,0.184,-8.804,0.132,78.935,4,245773
371,1YZBMqN8kHaaRPXpQTC3kb,8,0,0.509,0.606,0.343,0.699,1.89e-06,0.0757,-3.103,0.0337,83.701,4,297960
372,0ElpjZyX8YBiXuYcDC1Ci9,4,1,0.814,0.58,0.132,0.816,0.0,0.0776,-5.165,0.0726,89.938,4,200467
373,1kgDlypHy9hCvCxeoCtd7X,6,0,0.809,0.855,0.00709,0.788,0.0,0.358,-3.041,0.219,99.992,4,262800
374,5QHElgktygMkgRdpPhXfn2,5,1,0.435,0.553,0.0736,0.864,0.000309,0.138,-4.038,0.0414,136.128,4,260347
375,0r8iDf65NHgFgZOGLwj5r8,5,0,0.933,0.551,0.152,0.825,6.2e-06,0.0999,-6.24,0.044,164.857,4,260827
376,4vzYcDxBXAUPYDUna4BVeE,8,1,0.222,0.498,0.75,0.493,0.0,0.115,-7.748,0.0369,146.049,4,226133
377,5JWuz7zukN8z9JLNm29U5K,7,1,0.343,0.478,0.0515,0.625,0.0,0.116,-5.975,0.0341,160.196,4,242293
378,4LZqNiZHiQvGLlt0RkXtqt,7,1,0.701,0.718,0.255,0.603,0.0146,0.47,-8.455,0.0317,117.928,4,209347
379,6MLxSjfE3LUOb2TMBpfELl,5,0,0.611,0.754,0.505,0.465,0.000103,0.169,-7.889,0.091,109.165,4,235107
380,0rBzABScu9c6D1Juislm2z,8,1,0.856,0.692,0.0016,0.921,2.05e-05,0.299,-4.853,0.105,173.837,4,229160
381,2GtFOkArU10Lr11BbVKl28,4,1,0.78,0.744,0.266,0.617,0.0,0.324,-5.032,0.0663,94.999,4,308293
382,1HCPjfa02m5JwcO37LHfYb,0,1,0.708,0.803,0.0107,0.773,0.0,0.0632,-3.628,0.121,91.915,4,226027
383,3YuaBvuZqcwN3CEAyyoaei,7,0,0.516,0.614,0.00797,0.568,0.0,0.0997,-5.477,0.0276,107.849,4,293960
384,6ybViy2qrO9sIi41EgRJgx,5,1,0.618,0.732,0.883,0.198,1.1e-05,0.0659,-11.775,0.028,88.174,4,186147
385,4woTEX1wYOTGDqNXuavlRC,4,0,0.58,0.802,0.0215,0.755,0.0,0.295,-3.138,0.0564,130.027,4,350320
386,4ns2xaym21aBOOUN1vaBPJ,2,1,0.639,0.56,0.00986,0.827,1.13e-05,0.328,-5.393,0.0266,89.93,4,254600
387,2fE4MbwX3QGMzNaMjGVhtw,5,0,0.428,0.747,0.211,0.398,1.42e-06,0.113,-12.932,0.0743,117.901,1,268373
388,5rb9QrpfcKFHM1EUbSIurX,2,1,0.583,0.894,0.0183,0.791,0.0,0.0388,-4.699,0.112,105.018,4,250373
389,7z3N2W7Xz1t2G2sAO8wFVH,1,1,0.685,0.796,0.314,0.477,0.0,0.12,-7.161,0.108,119.928,4,231933
390,3XVBdLihbNbxUwZosxcGuJ,7,1,0.166,0.609,0.603,0.444,6.86e-06,0.104,-9.129,0.106,118.402,3,228707
391,6ECp64rv50XVz93WvxXMGF,5,0,0.809,0.712,0.0525,0.862,0.0,0.093,-4.612,0.0378,95.051,4,206200
392,5z7mYFfhw6N6f23VwrokJD,5,0,0.635,0.871,0.126,0.597,0.000113,0.0638,-4.932,0.0464,125.999,4,234000
393,3FZEg8UWOwKzJKzKT90hUZ,4,1,0.0649,0.474,0.0105,0.672,0.0,0.142,-4.678,0.028,83.029,4,232800
394,2yr2HnFYl7XvqJk4fXoQBt,11,0,0.4,0.833,0.347,0.515,0.00156,0.116,-5.0,0.0462,97.035,4,257333
395,2PpruBYCo4H7WOBJ7Q2EwM,4,0,0.965,0.727,0.103,0.974,0.000532,0.174,-2.261,0.0664,79.526,4,235213
396,3dFwpxh2yH7C7p9BGEKLVB,5,0,0.872,0.826,0.0277,0.647,1.52e-06,0.298,-6.306,0.0491,102.017,4,223000
397,2Ozc0me9PV5vlt8cokwdvI,1,1,0.695,0.783,0.11,0.916,0.0,0.0746,-3.344,0.415,95.321,4,247427
398,2lVDc57IMK6nypg2iuEWVR,11,0,0.615,0.925,0.0484,0.748,0.0,0.101,-5.572,0.278,92.978,4,243027
399,7wBThXx7BGZHJJ3aN3OPvv,1,1,0.702,0.845,0.0586,0.467,0.0,0.0694,-7.674,0.138,138.007,4,211200
400,6ihObRBTB8xdSH2mlERtOX,0,0,0.89,0.713,0.548,0.734,0.0,0.0687,-4.894,0.325,172.872,4,248200
401,4UNhyW0R7qylxrF6Z0q2Tb,2,1,0.662,0.737,0.0756,0.697,0.0,0.359,-3.716,0.254,104.917,4,235187
402,3NLrRZoMF0Lx6zTlYqeIo4,10,0,0.233,0.557,0.0492,0.533,0.0,0.205,-6.817,0.0252,143.994,4,238733
403,1boHm9rjmvzxpJASd9dnGK,2,0,0.598,0.561,0.373,0.764,0.0,0.157,-6.645,0.138,145.158,4,212147
404,4PkJ7c9y1CwpuVOiJODnCZ,11,0,0.597,0.455,0.000616,0.858,0.000247,0.226,-5.659,0.0391,163.118,4,207467
405,0YGQ3hZcRLC5YX7o0hdmHg,6,0,0.659,0.588,0.237,0.461,1.54e-05,0.0913,-8.686,0.161,200.053,4,208573
406,4UzVcXufOhGUwF56HT7b8M,9,1,0.101,0.19,0.863,0.265,0.0,0.134,-9.206,0.0356,79.012,4,262533
407,3FaUH7ZMjW1hv9Jx6MIAIf,0,1,0.819,0.845,0.0218,0.346,0.0,0.135,-9.381,0.106,93.989,4,225187
408,7dvd3b2oz7AFgXrPBIIYxR,11,1,0.799,0.557,0.0104,0.905,0.0,0.111,-4.506,0.267,160.013,4,244693
409,2ndnVdR8si7CW9T8vJRHyW,11,0,0.877,0.87,0.0202,0.712,0.000331,0.0576,-6.313,0.0432,121.057,4,232000
410,3CldFq28sCroIcmc42pRmZ,11,0,0.619,0.715,0.0122,0.76,8e-05,0.0792,-4.716,0.089,169.098,4,196453
411,68vgtRHr7iZHpzGpon6Jlo,5,1,0.676,0.662,0.257,0.507,0.0,0.0465,-8.238,0.118,86.412,4,223440
412,0UNTBB02C1aB55Fu4H63qd,4,0,0.962,0.765,0.0918,0.821,0.0,0.217,-5.926,0.183,162.519,4,276800
413,6XsT5UGfpaFeHQf5LRIy4W,1,1,0.536,0.75,0.226,0.458,3.25e-05,0.137,-9.092,0.0803,83.61,4,301133
414,0RmXtDH1cBMGImRrmn5xL6,9,1,0.875,0.677,0.0405,0.682,0.0,0.0351,-6.879,0.0361,106.279,4,192107
415,16RgOvGr4RpkitCiWK5sqU,2,1,0.694,0.499,0.0169,0.747,0.0,0.108,-4.54,0.0274,159.799,4,227293
416,6LGwYMXXgURfaequXipzHx,9,1,0.249,0.264,0.59,0.663,0.00443,0.342,-8.264,0.187,167.078,4,366733
417,1NAyvpW70a9lxY0YlLWFV4,1,0,0.642,0.6,0.0498,0.641,1.49e-06,0.0982,-4.237,0.0423,163.153,4,336507
418,024Q1MI4uaYHF6j2Q2ZYgF,10,0,0.777,0.828,0.182,0.792,0.0,0.281,-5.435,0.179,134.199,4,233360
419,0B1J7lh3ej57Nk09UYNlrj,0,1,0.416,0.676,0.103,0.652,0.0,0.113,-6.846,0.204,91.231,4,247040
420,2nLtzopw4rPReszdYBJU6h,9,1,0.243,0.496,0.0046,0.863,0.0,0.639,-4.153,0.0381,110.018,4,185587
421,5dxHF4lrDimKqnI3GaZUmC,8,0,0.279,0.663,0.555,0.465,0.00183,0.125,-9.711,0.0317,127.932,4,284160
422,7sapKrjDij2fpDVj0GxP66,0,0,0.544,0.706,0.0596,0.713,0.0,0.132,-5.512,0.0301,102.037,4,257133
423,6si71supnBUhddjR2FJc2L,5,1,0.311,0.509,0.347,0.537,7.29e-06,0.0805,-6.834,0.0384,170.03,4,240040
424,1XcUn5PE9d42zWamWgRG2x,11,1,0.802,0.653,0.376,0.816,1.61e-06,0.0754,-6.373,0.0638,91.894,4,226960
425,19EQUqnUXEeiBrY10JhPEF,8,0,0.771,0.606,0.00264,0.75,0.000788,0.321,-4.535,0.0306,126.316,4,225867
426,10BwOTqtnekIrXPc5Zh4QC,2,1,0.772,0.505,0.0572,0.799,0.0,0.11,-4.286,0.0773,174.001,4,217440
427,3BtAx1hpw7kYweaAnTCBQL,5,1,0.462,0.697,0.174,0.574,0.000104,0.0777,-6.715,0.212,87.048,4,241200
428,2cMTIlktg3M9mXYqCPqw1J,1,1,0.759,0.881,0.00986,0.774,0.0346,0.206,-6.068,0.0439,112.968,4,182627
429,2T8hXV9LUZMDBKR5RALGEa,11,1,0.702,0.734,0.101,0.846,0.0,0.233,-6.102,0.409,145.894,4,290760
430,5g1vtHqi9uV7xtYeCcFOBx,3,0,0.715,0.637,0.614,0.834,0.0,0.317,-4.686,0.323,87.312,4,193733
431,00BHe2yBtdOzhKPmI7rpTE,7,1,0.354,0.818,0.023,0.579,0.0,0.107,-4.475,0.101,89.987,4,235067
432,2CtCwQhY0ZLvr8L2l8Bo6e,6,1,0.801,0.751,0.367,0.84,0.0,0.0916,-4.855,0.349,99.057,4,213760
433,6Nq5lE0CeOAAAqN4qhkbZU,5,0,0.535,0.662,0.688,0.748,8.43e-06,0.0841,-3.041,0.268,82.331,4,239027
434,5SkRLpaGtvYPhw02vZhQQ9,8,0,0.434,0.657,0.149,0.734,0.0,0.139,-4.832,0.484,91.03,4,223507
435,6I9VzXrHxO9rA9A5euc8Ak,5,0,0.924,0.774,0.0249,0.838,0.025,0.242,-3.914,0.114,143.04,4,198800
436,4Kd0FzFpOgIGxlBl4HXuFn,11,1,0.322,0.884,0.0509,0.697,0.0,0.094,-6.022,0.128,101.965,4,252440
437,7pNJ1T9TGbVbNHKaLhhPri,0,1,0.605,0.553,0.0923,0.756,0.0,0.215,-4.583,0.108,94.487,4,191827
438,79cAPxneo5AvbNgR6ch3Cj,2,1,0.516,0.395,0.00424,0.904,0.0,0.42,-3.949,0.0468,151.498,4,199813
439,4MMqj7HaLL8BphbBZnlsdq,10,0,0.385,0.797,0.0154,0.502,0.0,0.1,-3.925,0.0968,106.997,4,236520
440,2u34ZVPVlr7hfN7vDr1512,9,1,0.462,0.721,0.076,0.472,0.0,0.332,-7.574,0.0619,129.964,4,261867
441,6sqNctd7MlJoKDOxPVCAvU,2,1,0.74,0.414,0.00136,0.936,0.0,0.369,-2.407,0.0758,170.229,4,242413
442,0B2ZuTLZnWQ6gz8RlNwBu1,8,1,0.429,0.759,0.0923,0.825,0.00057,0.24,-4.289,0.22,94.857,4,187280
443,6bUNEbXT7HovLW6BgPCBsb,0,1,0.509,0.751,0.0482,0.708,1.85e-05,0.107,-5.653,0.0545,108.97,4,369573
444,06ZDLodo1UDVavc3MXREZ3,10,1,0.523,0.67,0.573,0.616,0.0,0.0535,-6.123,0.225,120.129,4,270880
445,4dvQg9sD8k9y4qiEURuj8v,1,1,0.545,0.814,0.00727,0.899,0.219,0.0979,-5.958,0.0637,119.011,4,242013
446,4XHQyvbrBsQaaBUW1VvmsL,1,0,0.844,0.851,0.497,0.849,2.05e-06,0.116,-3.383,0.0828,120.014,4,298773
447,3MhdH8PxqH1FuQp3HBptUI,7,1,0.756,0.765,0.102,0.666,0.0,0.116,-5.384,0.172,87.002,4,273360
448,4mmkhcEm1Ljy1U9nwtsxUo,7,1,0.66,0.571,0.00865,0.739,5.21e-06,0.158,-6.11,0.247,83.089,4,221227
449,58LflM1owDAzQkYIL7ayCX,1,0,0.562,0.602,0.0164,0.938,0.0,0.0612,-3.378,0.238,168.417,4,240000
450,1p5kC161fWMA2QlwV3Vi4W,0,0,0.575,0.828,0.214,0.653,3.25e-06,0.0404,-6.245,0.0653,68.507,4,225107
451,6cR1U61DMpYbS2TtNTlSvo,8,0,0.695,0.755,0.291,0.381,5.13e-06,0.0974,-6.696,0.0711,73.108,4,263507
452,79lmvU7Qmc8QpXilbSk37z,8,1,0.602,0.813,0.00106,0.59,5.07e-05,0.0809,-8.998,0.378,159.961,4,232467
453,2QXfV75RKSG5TtGq6AMctb,9,1,0.153,0.52,0.619,0.234,0.0,0.0978,-14.56,0.0446,77.74,4,210107
454,1GIN41bLhiKeEPeC2vXH8i,0,1,0.465,0.718,0.0114,0.786,2.5e-05,0.0745,-5.76,0.0284,99.916,4,267320
455,5TpaWJKnuyA4MjzAbFXSTQ,6,0,0.518,0.772,0.0149,0.724,0.0,0.355,-5.799,0.307,84.038,4,298600
456,4WY3HyGXsWqjFRCVD6gnTe,1,1,0.791,0.655,0.0825,0.488,1.16e-06,0.221,-9.17,0.22,91.025,4,244827
457,0r2Bul2NuCViraT2zX1l5j,1,1,0.136,0.521,0.0301,0.625,0.0,0.121,-7.47,0.067,101.019,4,334067
458,70ludZZEUJy1aFVkPI0Kpi,1,1,0.676,0.892,0.169,0.628,0.0,0.102,-3.832,0.216,92.063,4,266067
459,0EQuu6hyNACWI7LT7N5pRv,6,1,0.826,0.753,0.191,0.516,0.0,0.275,-5.164,0.0308,122.019,4,257787
460,1GwVi2ceNb8dMFA3DZGnnY,1,1,0.539,0.5,0.00184,0.845,0.0,0.106,-5.015,0.0369,95.199,4,212045
461,61Qhe2mHSLhUE04QeK4lkD,9,0,0.394,0.446,0.0298,0.701,8.89e-06,0.0931,-4.179,0.0295,159.958,3,237000
462,43LdgobPlcCc5g9Kmactvy,10,1,0.777,0.495,0.136,0.894,0.0,0.106,-4.89,0.102,168.062,4,274360
463,305WCRhhS10XUcH6AEwZk6,2,1,0.537,0.613,0.00148,0.953,0.000582,0.152,-3.435,0.0855,105.046,4,213800
464,2lFlveK1y13WWp3vnQtrr3,7,1,0.275,0.643,0.544,0.569,2.17e-05,0.178,-7.459,0.0276,120.507,4,244600
465,2GtFOkArU10Lr11BbVKl28,4,1,0.78,0.744,0.266,0.617,0.0,0.324,-5.032,0.0663,94.999,4,308293
466,3dxiWIBVJRlqh9xk144rf4,4,0,0.581,0.579,0.108,0.849,0.0,0.0909,-5.218,0.0303,100.021,4,196907
467,1T1ZUKX4X87tVLaBGjwFv4,4,0,0.657,0.896,0.273,0.552,0.0,0.0662,-6.11,0.102,93.001,4,237840
468,7B1QliUMZv7gSTUGAfMRRD,7,1,0.418,0.416,0.492,0.546,0.0,0.0845,-7.728,0.0297,159.929,4,300333
469,1nCSr7oGeUv7sUEoYuAJFF,2,1,0.267,0.558,0.709,0.314,0.000319,0.193,-10.623,0.0295,125.59,4,271280
470,0dRhSF9LV0HR8Jwd3MMMKJ,3,1,0.114,0.398,0.966,0.284,8.57e-05,0.116,-12.852,0.0337,109.599,4,230307
471,7lurcq2Yw96B1K0KOJAHxg,9,0,0.448,0.688,0.377,0.404,0.0,0.0813,-9.481,0.0818,75.007,3,277840
472,746nPV2NXSoxW3imGpG8gk,5,1,0.945,0.616,0.123,0.71,0.0,0.128,-7.05,0.264,93.938,4,255360
473,1dHJETCn2X1R1YwVlMvSza,10,0,0.889,0.513,0.106,0.826,0.0,0.0675,-3.651,0.132,76.91,1,265027
474,0FmCLEHfINGqwlyzvklNqy,7,1,0.948,0.81,0.0893,0.791,0.0,0.0838,-5.909,0.181,153.067,4,314400
475,28jHD8xBLnN8esbroQ6zz8,11,0,0.764,0.781,0.102,0.723,0.0,0.162,-5.564,0.107,104.972,4,227880
476,6KbpvmsV6L8JsON1C3JHAV,9,1,0.715,0.797,0.0546,0.7,2.91e-06,0.231,-7.876,0.0283,104.932,4,289973
477,0oVWPlnK5eAqnJCVB0FvpP,9,1,0.226,0.565,0.193,0.541,3.45e-06,0.0582,-8.426,0.0376,82.006,4,263333
478,0dEQaNYfp5G7Sflek2Qnde,4,1,0.484,0.523,0.00462,0.795,0.0,0.358,-2.92,0.0386,144.106,4,202013
479,0lZxd99ZIjA0zUdQAY3FXr,2,1,0.562,0.55,0.379,0.543,0.0,0.0927,-8.395,0.0408,82.761,4,231293
480,41uWkGOCpz0CA5vJ1nIKI6,5,0,0.791,0.762,0.0963,0.638,0.0,0.0878,-5.178,0.0965,96.995,4,363760
481,2bz4DTZlejfsUt8bzFCvEp,4,0,0.933,0.86,0.104,0.866,1.42e-06,0.584,-6.345,0.232,100.15,4,214893
482,2b8QQqf8Vwb7bfz22ja8Fk,7,1,0.464,0.644,0.0065,0.517,1.37e-06,0.158,-10.02,0.0803,169.799,4,253933
483,5pQtfVIaQvINzl0XIGKNrC,11,1,0.74,0.51,0.105,0.847,0.0,0.691,-4.622,0.087,184.942,4,215920
484,35gqchrol8FU9YYcZguuCL,8,1,0.962,0.94,0.0581,0.633,4.04e-05,0.281,-3.56,0.0467,121.003,4,248680
485,15cGdiAHmezm0P04jVAjMo,0,1,0.388,0.644,0.367,0.626,5.78e-06,0.155,-7.243,0.0258,128.029,4,267533
486,0Ox458KpvZQ1Kuj9mUNPLL,5,1,0.69,0.513,0.0421,0.805,0.0,0.208,-6.918,0.0466,89.963,4,240347
487,4EI8VuxUuIHKfafU72emqz,0,1,0.767,0.84,0.0264,0.476,0.0,0.0865,-7.918,0.0629,139.987,4,201400
488,0eqH0ALoDQevq59YcQ53KE,10,0,0.904,0.926,0.35,0.916,6.17e-06,0.0234,-2.221,0.0929,110.007,4,199853
489,7GaFYUqP2WdR4KTPk7cXoP,7,0,0.617,0.686,0.178,0.588,0.0,0.0954,-8.343,0.0554,94.519,4,249120
490,6JY1IdkZGeIcPegKxjSKeb,9,0,0.382,0.662,0.00206,0.739,0.0603,0.113,-5.354,0.0322,130.999,4,188960
491,72vWmeqYcT1irKClpbenQm,5,0,0.801,0.939,0.0444,0.498,0.00128,0.0475,-10.94,0.161,113.053,4,202213
492,1PS1QMdUqOal0ai3Gt7sDQ,1,0,0.623,0.629,0.0195,0.696,0.0,0.0554,-5.572,0.348,93.034,4,207627
493,5GorCbAP4aL0EJ16frG2hd,8,1,0.474,0.496,0.00552,0.682,2.94e-05,0.0589,-4.095,0.0294,167.06,4,262333
494,5D2mYZuzcgjpchVY1pmTPh,11,1,0.755,0.614,0.0253,0.574,3.2e-05,0.38,-7.961,0.466,125.173,5,209107
495,0BxfFnk0YzONqvmrkO0QrB,1,1,0.549,0.875,0.00542,0.631,2.54e-06,0.127,-3.475,0.099,120.003,4,272080
496,0AKAxdNkwq9ZxRdW1DN9zW,9,1,0.425,0.548,0.00165,0.889,0.00109,0.197,-4.682,0.0382,90.048,4,198973
497,69bHJ9qs5FrUJbKP8xU8uZ,3,1,0.71,0.925,0.206,0.659,7.88e-05,0.279,-4.763,0.231,97.018,4,214227
498,0815caqt2Lytro5EIzMufT,7,1,0.354,0.459,0.114,0.427,0.0,0.168,-7.734,0.0267,139.902,3,195493
499,5MzjQ95rdB2xt9DNa2IzaC,5,0,0.604,0.69,0.00937,0.928,0.0,0.547,-2.76,0.061,130.889,4,239773
500,0UaMYEvWZi0ZqiDOoHU3YI,4,0,0.81,0.904,0.0311,0.813,0.00697,0.0471,-7.105,0.121,125.461,4,226864
501,0cqRj7pUJDkTCEsJkx8snD,7,1,0.942,0.647,0.0647,0.8,0.0,0.334,-5.384,0.165,160.078,4,219200
502,7d8GetOsjbxYnlo6Y9e5Kw,1,1,0.239,0.352,0.00113,0.928,0.0,0.0987,-3.71,0.0758,148.026,4,222107
503,4nva9EpKntUTs6CRSGBCn9,1,1,0.527,0.489,0.0322,0.692,0.00608,0.315,-6.672,0.41,96.946,4,237707
504,4TsmezEQVSZNNPv5RJ65Ov,7,1,0.498,0.779,0.000155,0.64,0.00077,0.101,-8.415,0.159,99.019,4,246960
505,4PmMVdIFpJTB9WQbmILf4p,4,0,0.637,0.862,0.0455,0.648,0.0,0.0332,-7.401,0.251,98.012,4,235533
506,1yKu2MhpwzDXXH2tzG6xoa,5,1,0.741,0.693,0.0932,0.823,0.0,0.328,-3.761,0.0726,87.904,4,196093
507,7i7UIbm5E0DD7aSOYvwp2v,7,1,0.357,0.8,0.000298,0.496,0.0,0.0697,-7.135,0.0506,128.29,4,256347
508,4faFAhOflLzhfJECveRwva,9,0,0.858,0.551,0.033,0.896,0.0,0.0899,-3.152,0.109,171.79,4,226640
509,70ludZZEUJy1aFVkPI0Kpi,1,1,0.676,0.892,0.169,0.628,0.0,0.102,-3.832,0.216,92.063,4,266067
510,2wGSgTmgSF3xjRrHkTc25R,9,1,0.435,0.802,0.14,0.785,0.0,0.123,-4.781,0.207,99.998,4,206400
511,41PWz0hAiU9FqsmjR9Wh62,10,1,0.532,0.675,0.0541,0.501,0.0,0.429,-6.183,0.22,139.861,4,260600
512,4FTOpNYcGxnQdGNWSxIcio,7,1,0.904,0.878,0.0444,0.417,0.0,0.0833,-6.799,0.361,77.49,4,325573
513,4PFAm88FBkY7IFtvCaGctZ,9,0,0.393,0.268,0.0421,0.716,9.88e-06,0.108,-4.151,0.0337,160.008,3,237000
514,2bmxx16hNi3W5FGzfFO9xX,1,1,0.517,0.877,0.007,0.885,0.000497,0.557,-4.966,0.17,102.507,4,196653
515,1oNToERLIN71YCPLbRIQGQ,6,1,0.611,0.815,0.0915,0.662,0.000409,0.0898,-8.244,0.199,151.518,4,248493
516,3jEqrIfwKO0M8ALu3TGilF,6,1,0.504,0.714,0.0465,0.6,0.0,0.0646,-8.365,0.0876,82.017,4,205840
517,2oxtQ84p1j5GmyzmD50Lq0,7,0,0.722,0.856,0.0294,0.754,1.49e-05,0.206,-2.728,0.0416,98.018,4,236213
518,20jYtEun4dUdYZ9foaOC48,1,0,0.586,0.802,0.111,0.682,1.39e-05,0.109,-5.924,0.222,123.95,4,326960
519,6LpYKfPDviJJDWNDOrtnoA,8,1,0.557,0.649,0.098,0.51,0.0,0.3,-8.329,0.0432,75.039,4,225293
520,5zdUc1JRCImBYcDWgvFNpE,6,1,0.805,0.817,0.027,0.806,9e-06,0.119,-4.606,0.0623,110.086,4,224640
521,1fKc0iaTmLrHu1V9fpH4SK,9,0,0.216,0.568,0.839,0.268,0.0,0.0988,-9.234,0.0307,144.955,4,271040
522,3TAtUJc4Sj913Cs5gBUeu0,11,1,0.484,0.455,0.0875,0.929,0.0,0.226,-3.295,0.0494,89.782,4,208199
523,0d28khcov6AiegSCpG5TuT,6,1,0.772,0.818,0.00836,0.705,0.00233,0.613,-6.679,0.177,138.559,4,222640
524,6A1yZW5SLd9hpLZsG29hCQ,1,0,0.491,0.478,0.0181,0.863,0.0,0.111,-4.914,0.0387,92.004,4,243053
525,5vfjUAhefN7IjHbTvVCT4Z,8,1,0.736,0.538,0.000138,0.884,0.0,0.466,-3.251,0.031,146.511,4,233027
526,2TfSHkHiFO4gRztVIkggkE,7,1,0.574,0.494,0.00579,0.842,0.0,0.122,-4.784,0.0843,162.011,4,229093
527,3B7i9OKRRmIsSBHEbJz58Y,1,1,0.189,0.7,0.000204,0.538,0.0,0.105,-5.952,0.045,136.518,4,237733
528,7xYnUQigPoIDAMPVK79NEq,1,0,0.212,0.846,0.0246,0.482,0.0,0.393,-6.721,0.129,100.969,4,229867
529,3hb2ScEVkGchcAQqrPLP0R,8,1,0.385,0.515,0.000932,0.876,0.000166,0.136,-3.756,0.0292,145.916,4,258920
530,1IpYDWB31L1CxDQZztadSi,5,0,0.619,0.629,0.331,0.532,0.0,0.238,-7.88,0.0352,90.098,4,235800
531,6dwkFmLUz6hx2CZG2EqLol,11,1,0.342,0.636,0.222,0.625,5.35e-05,0.119,-7.895,0.0277,93.931,4,249120
532,3ZffCQKLFLUvYM59XKLbVm,7,1,0.146,0.546,0.023,0.814,0.0,0.0972,-5.146,0.0314,104.98,4,285653
533,4Ilen0VxPEsVRLpnePji8P,11,0,0.626,0.568,0.179,0.732,4.92e-06,0.401,-4.896,0.103,186.048,4,258667
534,3VXDc9f8J96uBnAAeFrrmw,1,1,0.659,0.9,0.00341,0.515,0.0,0.111,-6.626,0.372,84.995,4,283455
535,3zdDxhDo5SycC7XSAPfdjv,1,1,0.52,0.905,0.0628,0.55,0.0,0.0644,-7.558,0.372,100.813,4,211320
536,5CWyE2OcZI1HVnHBh4RrKF,1,0,0.586,0.837,0.000213,0.658,0.122,0.243,-8.013,0.126,95.027,4,230133
537,12bZjnzjuJoyRslVC4BmxU,10,1,0.08,0.684,0.000839,0.493,0.0,0.157,-7.728,0.0459,84.03,4,280013
538,6VixoRqnikN4QqegoKUSbH,11,1,0.782,0.495,0.287,0.883,0.0,0.138,-4.087,0.299,92.136,4,329627
539,68vgtRHr7iZHpzGpon6Jlo,5,1,0.676,0.662,0.257,0.507,0.0,0.0465,-8.238,0.118,86.412,4,223440
540,7x6SuiiH3fcrsAgfkp2OwQ,4,0,0.85,0.822,0.144,0.673,0.0,0.323,-6.141,0.228,120.02,4,245107
541,588RGyR1f4Plc8nm7SrdCa,10,1,0.687,0.727,0.0743,0.736,0.00311,0.0348,-6.203,0.0615,85.098,4,256000
542,7clUVcSOtkNWa58Gw5RfD4,11,0,0.353,0.514,0.00488,0.898,0.0345,0.0746,-6.765,0.0577,123.067,4,287907
543,4vl2zwXsTmAxgu9iY0g6UK,0,0,0.462,0.423,0.00806,0.862,0.0,0.133,-5.13,0.0695,154.756,4,217760
544,561jH07mF1jHuk7KlaeF0s,0,1,0.254,0.637,0.209,0.678,0.0,0.156,-3.798,0.266,84.039,4,250760
545,5BSclXJTa9B0iURhUjZo50,0,1,0.812,0.74,0.0297,0.783,0.000308,0.123,-5.367,0.0427,100.011,4,212893
546,7sapKrjDij2fpDVj0GxP66,0,0,0.544,0.706,0.0596,0.713,0.0,0.132,-5.512,0.0301,102.037,4,257133
547,00da5UpHHr2CcmAedVX3Be,9,0,0.77,0.901,0.0476,0.391,0.0,0.102,-4.421,0.0935,100.016,4,219187
548,5Y78yINSOCW6xbOfGWNBg4,7,1,0.595,0.933,0.00112,0.513,0.00248,0.107,-13.203,0.347,102.017,4,179160
549,0CnD7Hiw6pae6rLsZw5q5W,4,1,0.165,0.437,0.231,0.589,0.0,0.0768,-4.834,0.0331,133.631,4,239587
550,3CcvahnsiArpTHYQEWV2Au,11,1,0.587,0.759,0.0298,0.891,0.0,0.141,-2.983,0.257,98.579,4,216707
551,6uYAPqxP69zfpCbsTHXgiz,11,0,0.464,0.605,0.286,0.584,0.0,0.235,-7.043,0.197,125.802,4,245400
552,1mnqraQ8oV8MX92rdOFLWW,10,0,0.867,0.612,0.107,0.961,4.17e-05,0.0413,-3.078,0.333,129.873,5,238760
553,5FZxsHWIvUsmSK1IAvm2pp,1,0,0.369,0.366,0.000769,0.94,9.42e-05,0.188,-5.119,0.0696,130.198,4,255627
554,0sNY3XS9Tz1P957KZrQ6GZ,8,0,0.836,0.8,0.0901,0.633,0.0,0.0315,-4.875,0.0514,95.953,4,203360
555,48JAAdtKgOQ4u4QRER6bJX,1,1,0.233,0.6,0.624,0.556,0.00735,0.0837,-7.294,0.026,105.957,4,294093
556,25ry9EyyRsp1dDctlAclin,7,1,0.16,0.38,0.123,0.596,1.46e-06,0.132,-3.469,0.0315,134.443,4,243267
557,0gJvqi9QyASOCtJu99tytc,5,0,0.15,0.587,0.248,0.583,0.0,0.124,-5.284,0.0313,139.92,4,219493
558,3QfsB9tPwAjMb5b9P7r3Z5,11,1,0.616,0.707,0.309,0.451,0.0,0.0524,-10.38,0.0761,73.209,4,236747
559,5y4TDQdYzlT4eoQIPOgNDz,4,0,0.507,0.838,0.176,0.594,0.0,0.0867,-5.695,0.113,90.038,4,240040
560,1HwpWwa6bnqqRhK8agG4RS,9,1,0.933,0.66,0.0759,0.666,0.0,0.0268,-4.342,0.0472,89.975,4,214227
561,4QvTOAIVxL3NGgrIYU97pj,2,1,0.801,0.709,0.0322,0.721,0.000309,0.355,-3.52,0.0281,112.019,4,189333
562,3njpLvANriMsdv3dgADEad,1,1,0.184,0.555,0.0594,0.639,0.0,0.118,-5.16,0.263,171.609,4,270747
563,2uhnzF1F605tp9QS6rH2VW,8,0,0.557,0.772,0.0277,0.599,0.0,0.0839,-5.996,0.246,92.029,4,247507
564,2SuMoyOaAVBg5AzfKyZaKV,1,1,0.526,0.779,0.0496,0.66,0.0,0.0825,-4.854,0.17,83.914,4,243506
565,6QLU1GKy2Zh2mOh2uoJ0TV,5,1,0.931,0.734,0.0322,0.635,0.0,0.0808,-7.03,0.0816,96.99,4,216360
566,6tp27J7xy18DQiQXut3GsF,9,1,0.604,0.662,0.16,0.785,0.0,0.0784,-5.299,0.186,89.885,4,219000
567,6EW91XcM1MxcMtEr0BbXtG,8,1,0.58,0.726,0.0725,0.746,0.0,0.635,-4.703,0.118,97.097,4,230600
568,5FPnjikbwlDMULCCCa6ZCJ,2,1,0.503,0.674,0.836,0.413,1.95e-05,0.098,-7.816,0.0274,124.893,3,237907
569,7G6l2FtQyRhQgYgut2I6i8,5,1,0.646,0.68,0.266,0.87,0.0,0.109,-4.461,0.0393,119.075,4,227840
570,0GkkiqqRdjqmRDrWfTdemH,11,1,0.603,0.745,0.0131,0.62,0.0,0.118,-8.24,0.148,99.985,4,234733
571,4dvQg9sD8k9y4qiEURuj8v,1,1,0.545,0.814,0.00727,0.899,0.219,0.0979,-5.958,0.0637,119.011,4,242013
572,2ZA4uMlSZjaoWGFqP1tsLI,10,1,0.36,0.469,0.928,0.132,0.0,0.0873,-14.001,0.0798,66.989,3,281467
573,4kOTDj4SiZPkW1p96WMDNv,1,1,0.86,0.95,0.145,0.803,0.0,0.0748,-4.195,0.151,117.0,4,213066
574,1JURww012QnWAw0zZXi6Aa,9,1,0.751,0.571,0.00509,0.89,0.0,0.0769,-1.6,0.0395,110.958,4,234147
575,0jdeV5dSB3kUBRqe1xQJbh,6,1,0.369,0.598,0.459,0.4,0.0,0.151,-10.054,0.0241,96.938,4,203546
576,6SdQ0ZTmUFOm0H66l91sXk,0,1,0.564,0.741,0.0868,0.519,0.0,0.222,-6.249,0.0466,120.054,4,280333
577,5krOROgmf8adn3SJzeKLZy,9,1,0.536,0.776,0.0101,0.736,0.0,0.18,-6.308,0.255,159.838,4,244187
578,7dyluIqv7QYVTXXZiMWPHW,2,1,0.799,0.685,0.0601,0.803,0.0,0.546,-4.251,0.156,107.005,4,205280
579,1bl99Q4umnPomYGv3dQP67,11,0,0.758,0.663,0.277,0.777,0.0,0.0466,-4.954,0.109,92.68,4,270507
580,0F7rEdewJ6cSLylOZZpDu7,0,0,0.166,0.722,0.088,0.329,0.0,0.081,-11.617,0.108,99.991,4,230713
581,0lKTwaoezVFOd1MC6MqViz,7,1,0.443,0.376,0.0586,0.832,0.0,0.333,-4.329,0.0448,167.467,4,239693
582,0ahRDzkKq0KEi7FRoHb0qk,8,1,0.931,0.694,0.274,0.511,0.0,0.166,-9.34,0.0449,87.014,4,198880
583,79YeQbd1p7MsuT7wHQLRYY,9,1,0.665,0.499,0.113,0.765,0.0,0.0509,-4.148,0.0521,83.916,4,232707
584,5SV9SnHkuHMh446QsgQtry,6,1,0.509,0.542,0.0346,0.946,0.0,0.323,-4.279,0.378,146.7,4,274467
585,0KGZzYTmH3lfpSKOcjnOkp,8,1,0.506,0.674,0.00694,0.773,0.0,0.312,-6.002,0.288,78.006,4,267720
586,0mUyMawtxj1CJ76kn9gIZK,3,1,0.52,0.599,0.448,0.785,0.00336,0.151,-4.013,0.0309,140.046,4,233640
587,0k2GOhqsrxDTAbFFSdNJjT,0,0,0.822,0.951,0.106,0.6,0.0,0.0712,-4.675,0.0685,125.04,4,218573
588,78WGVLH0KKKzsWPwccEXjz,10,0,0.856,0.799,0.0515,0.978,0.00021,0.126,-5.634,0.0476,114.311,4,244293
589,0vg4WnUWvze6pBOJDTq99k,0,0,0.454,0.675,0.633,0.479,1.76e-05,0.088,-9.87,0.0278,81.998,4,209493
590,3ZFTkvIE7kyPt6Nu3PEa7V,10,0,0.758,0.778,0.284,0.824,0.0,0.405,-5.892,0.0707,100.024,4,218093
591,1D1nixOVWOxvNfWi0UD7VX,5,1,0.629,0.706,0.00584,0.8,0.0,0.0822,-6.333,0.0399,100.011,4,259333
592,1vxw6aYJls2oq3gW0DujAo,8,1,0.64,0.855,0.0505,0.587,0.00714,0.105,-4.589,0.0336,111.97,4,177466
593,3kZoay4ANo86ehb6s4RwS9,8,0,0.835,0.787,0.189,0.799,0.0,0.3,-4.68,0.0993,143.052,4,303053
594,0O45fw2L5vsWpdsOdXwNAR,7,0,0.964,0.967,0.0584,0.583,0.0,0.0519,-5.562,0.0789,117.0,4,242733
595,5ZzXJzw8RI3gXGpgkzm1vl,7,1,0.883,0.7,0.0805,0.887,0.0,0.376,-3.887,0.218,166.104,4,211187
596,72pKaqEww3zHWt5P2MBnMJ,2,0,0.683,0.725,0.0872,0.678,0.0,0.291,-6.489,0.102,146.586,4,248333
597,6zS6zUoWh8QluIZ2lv9tWb,4,0,0.822,0.865,0.0399,0.514,0.0,0.255,-7.251,0.241,82.987,4,271240
598,1N62wozuHCvczCkY4QidpP,8,1,0.709,0.592,0.022,0.729,0.0,0.0653,-4.156,0.0448,116.03,4,236267
599,7k6IzwMGpxnRghE7YosnXT,8,0,0.739,0.803,0.352,0.454,0.0,0.0655,-4.802,0.0294,99.99,4,192213
600,314QzMOrpNUqWBUozYshf6,2,1,0.477,0.565,0.152,0.817,0.0,0.247,-4.338,0.27,210.851,4,225560
601,7xYnUQigPoIDAMPVK79NEq,1,0,0.212,0.846,0.0246,0.482,0.0,0.393,-6.721,0.129,100.969,4,229867
602,6brl7bwOHmGFkNw3MBqssT,6,1,0.58,0.452,0.246,0.574,0.0,0.189,-8.336,0.31,92.791,4,207187
603,05Sgj1Hx03ZXc57gsV1kfX,1,0,0.609,0.888,0.0986,0.577,0.0,0.131,-7.702,0.0612,84.003,4,241840
604,30cSNer6TV8x2utjULVeQ5,7,1,0.527,0.677,0.004,0.671,5.07e-05,0.413,-4.905,0.0361,137.046,4,238920
605,5cY8y2XgOfkAh4kSWLFKkz,9,0,0.672,0.566,0.0737,0.815,0.0,0.12,-4.481,0.14,169.961,4,185587
606,58HpsDKeYoLtNhXFQyQmz5,3,1,0.615,0.526,0.000124,0.92,0.0,0.371,-3.866,0.0472,109.86,4,238880
607,10Nmj3JCNoMeBQ87uw5j8k,0,1,0.73,0.556,0.0193,0.913,8.59e-06,0.346,-2.36,0.0437,96.184,4,282160
608,6o3s08kk2fQI37vxGZDrJ1,8,0,0.626,0.835,0.00647,0.757,0.0,0.29,-5.029,0.23,82.038,4,274387
609,7cVmKBwzPsh4Fmb6SplfEm,5,1,0.6,0.886,0.082,0.62,0.0,0.1,-5.854,0.307,76.035,4,229813
610,19xY9MNCcnfGYqfjfa1RGX,5,0,0.3,0.532,0.00968,0.679,0.0,0.306,-5.144,0.0278,136.011,4,213787
611,5fVZC9GiM4e8vu99W0Xf6J,10,1,0.361,0.64,0.269,0.743,0.0,0.101,-4.08,0.0379,122.035,4,262533
612,13xxBnXOuiBxVxJI458B0i,0,0,0.349,0.588,0.839,0.391,0.0,0.227,-8.607,0.0334,144.069,4,226973
613,11bD1JtSjlIgKgZG2134DZ,9,1,0.136,0.563,0.209,0.592,5.08e-05,0.132,-4.571,0.0276,104.016,4,267933
614,40LQiUUUKXVGyNs09lHVjW,2,1,0.251,0.476,0.0217,0.736,1.08e-06,0.203,-5.38,0.0343,129.084,4,261853
615,5YJtMNWKe55yr49cyJgxva,8,1,0.493,0.633,0.00281,0.976,1.29e-05,0.382,-5.362,0.0519,142.027,4,197124
616,7huo2wvrCgRucUsjdSDLQV,7,1,0.511,0.862,0.00376,0.742,0.00855,0.103,-4.722,0.222,127.91,4,228907
617,0a7BloCiNzLDD9qSQHh5m7,11,0,0.449,0.622,0.00523,0.961,0.0,0.0854,-3.198,0.154,114.452,4,180267
618,1PS1QMdUqOal0ai3Gt7sDQ,1,0,0.623,0.629,0.0195,0.696,0.0,0.0554,-5.572,0.348,93.034,4,207627
619,2JpUkUR0OsOlUUfm6iS8ic,1,1,0.612,0.551,0.15,0.598,0.0,0.299,-6.79,0.27,78.756,4,230613
620,0k6HUzaRHpQ3eEWr1C7Esh,1,1,0.609,0.64,0.016,0.62,0.0,0.0831,-5.931,0.416,129.37,5,252653
621,5nEdwtSv0qqeE0l4o1lR4q,8,1,0.718,0.711,0.067,0.761,0.0,0.041,-3.04,0.225,95.824,4,243880
622,3hb2ScEVkGchcAQqrPLP0R,8,1,0.385,0.515,0.000932,0.876,0.000166,0.136,-3.756,0.0292,145.916,4,258920
623,0gJvqi9QyASOCtJu99tytc,5,0,0.15,0.587,0.248,0.583,0.0,0.124,-5.284,0.0313,139.92,4,219493
624,2lgz3yy1AyoceOVOOBmiOS,9,1,0.382,0.548,0.283,0.554,0.0,0.0708,-6.408,0.0587,79.918,4,207507
625,1lih9AUGlOI2qbAkptdBsr,8,1,0.512,0.731,0.00544,0.368,0.0,0.193,-10.38,0.0688,145.171,4,265333
626,20jYtEun4dUdYZ9foaOC48,1,0,0.586,0.802,0.111,0.682,1.39e-05,0.109,-5.924,0.222,123.95,4,326960
627,7pAT4dOUzjq8Ziap5ShIqC,1,0,0.25,0.684,0.262,0.819,0.00197,0.113,-3.309,0.238,179.999,4,231867
628,7DFnq8FYhHMCylykf6ZCxA,4,1,0.57,0.536,0.119,0.612,0.0,0.209,-5.847,0.272,86.768,4,229040
629,25sA1vM4BFkTb5cJGWftFo,0,1,0.935,0.75,0.0147,0.888,1.11e-06,0.0759,-4.524,0.0426,115.973,4,189307
630,2ajhenDRiiAnCHHjsIOHhJ,7,0,0.622,0.891,0.0351,0.439,0.0,0.0932,-7.994,0.428,77.499,4,224253
631,0CAJdthKDdRjB2h8YOguN6,11,1,0.332,0.551,0.0155,0.81,0.0,0.169,-4.365,0.0344,73.464,4,274333
632,1FTplvsC8qcmpbgMGIX1uI,10,1,0.649,0.632,0.569,0.475,0.0,0.0543,-10.336,0.028,140.203,4,194533
633,4Gd9PUEuOTOJtbgd4YxLXM,3,1,0.522,0.441,0.000731,0.815,0.0,0.414,-4.088,0.0276,164.007,4,219320
634,2hQU8LNZFUcXLUwqeABX3K,10,0,0.386,0.7,0.0422,0.529,0.0,0.101,-6.816,0.0395,143.555,4,233867
635,10aWGOqSDBqvNzJ9NeKDbK,8,1,0.494,0.693,0.297,0.516,0.000127,0.0604,-6.446,0.0413,94.02,4,220853
636,7g7M96UGiA7OR79H86gV4m,6,0,0.329,0.858,0.0241,0.484,1.8e-06,0.123,-7.448,0.277,99.992,4,202720
637,3WZbjAjRlUBhZ81c9tIuh5,6,1,0.293,0.518,0.000696,0.797,0.0,0.107,-5.153,0.0309,132.915,4,238173
638,5uFt3t7ABvU3MjRHQZbDff,11,1,0.324,0.52,0.00119,0.768,0.0,0.0699,-5.214,0.0298,132.907,4,222480
639,3k9rlNsmhyYx3Xk3VuxhS6,5,1,0.175,0.27,0.098,0.684,0.0,0.955,-6.205,0.0385,82.055,4,311347
640,1bPqAXwNiVcM6zjJU1Z4Cd,7,1,0.311,0.421,0.136,0.728,0.0,0.136,-5.644,0.035,150.12,4,244667
641,5KH2qDXUVBCQOYcvIRACjg,2,1,0.729,0.847,0.00544,0.6,0.0,0.398,-7.737,0.155,147.966,4,250160
642,0qAMjeQFyd1qD0LDiV8gWp,4,0,0.917,0.748,0.328,0.786,0.0,0.34,-7.788,0.0641,104.833,4,172373
643,50UkypyQJbSQLaXHke5Yep,6,0,0.595,0.942,0.023,0.892,0.000897,0.264,-6.363,0.196,100.007,4,180493
644,2OqYarizUUGzSSNHPrDEii,4,0,0.542,0.7,0.0471,0.518,0.0,0.1,-7.191,0.177,75.973,4,258680
645,3UNrtRxBBlWE70SjxnOo02,9,1,0.772,0.734,0.206,0.599,0.0,0.0555,-8.462,0.197,145.185,4,219867
646,4NeOWqHmlrGRuBvsLJC9rL,11,0,0.808,0.771,0.277,0.68,1.18e-05,0.682,-5.881,0.224,119.952,4,276160
647,0fGh0trRN1xz3s41r7V5ce,1,0,0.534,0.963,0.0507,0.643,4.94e-05,0.157,-5.785,0.117,107.005,4,274440
648,5hF2LnbkpnXCkksMSeWcxZ,7,1,0.587,0.786,0.0825,0.511,0.0,0.12,-6.66,0.286,80.0,4,234133
649,7nR3jmYBf3e9TEf6zpJiZb,4,1,0.779,0.906,0.000182,0.633,8.34e-06,0.058,-5.316,0.19,84.021,4,273973
650,0tYPj0NYa7vjlJaqlRSnJb,4,0,0.778,0.792,0.0259,0.589,0.000128,0.114,-6.869,0.262,157.147,4,207587
651,3qKGvSu1inEZKwYQnMavNA,5,0,0.932,0.94,0.317,0.743,0.0,0.0909,-5.166,0.0475,118.988,4,212360
652,5qrzhg9Fmu8Amg2uMhHfe5,5,0,0.602,0.525,0.278,0.652,0.0,0.339,-7.042,0.28,127.673,4,337640
653,5ihZ3V6oIZ452Ob0gRSrdU,7,1,0.631,0.5,0.00467,0.887,0.0,0.114,-3.74,0.0726,162.003,4,230933
654,53ETzLQQKFCzykRbqWb1ph,11,0,0.444,0.678,0.00374,0.572,6.59e-05,0.118,-7.033,0.0466,87.165,4,186827
655,6giYNaycmjkbf7UmZ6RGtL,1,1,0.391,0.744,0.0702,0.368,0.0,0.192,-6.349,0.0524,84.018,4,241307
656,5439qJTu5mVH9aeriwp03u,7,1,0.802,0.537,0.0437,0.885,0.0,0.274,-3.641,0.0343,131.698,4,230280
657,3hc7PLcmuZbJGPjhIore1i,6,0,0.509,0.394,0.00302,0.821,0.019,0.186,-4.304,0.0404,82.764,4,223533
658,3HVJbdz0V402U5YggQK4Ao,1,1,0.442,0.658,0.0043,0.551,0.000108,0.197,-6.62,0.37,138.335,5,214960
659,5U7krfxBIzMWW2zMEExgQ9,1,0,0.51,0.692,0.0381,0.799,3.48e-06,0.0599,-5.996,0.0568,176.055,4,188467
660,423EcxblW9F4nnQkqcqMlK,7,1,0.355,0.644,0.0071,0.746,1.22e-05,0.0743,-4.941,0.341,105.253,4,240280
661,2Fs18NaCDuluPG1DHGw1XG,5,1,0.655,0.582,0.00324,0.952,0.0,0.223,-3.848,0.0731,103.027,4,276320
662,663Karu2rvKLdnY0eo1n3M,7,1,0.328,0.45,0.00193,0.883,0.0,0.293,-4.094,0.0524,93.41,4,214707
663,3lec3CzDPAxsZokPph5w87,2,1,0.135,0.359,0.665,0.518,0.0,0.106,-3.537,0.0302,76.572,4,226493
664,5FRIqUXfTazrtRmYEGO4G0,5,0,0.465,0.755,0.0133,0.408,0.0,0.33,-10.33,0.187,76.034,4,229240
665,4PrquuUN34hswtM71OMvxS,1,0,0.63,0.941,0.0366,0.631,1.8e-06,0.0311,-5.998,0.114,128.597,4,263373
666,4kOTDj4SiZPkW1p96WMDNv,1,1,0.86,0.95,0.145,0.803,0.0,0.0748,-4.195,0.151,117.0,4,213066
667,5rlTdsvAZUylyWypFQFc5i,4,0,0.198,0.458,0.506,0.684,0.0,0.0947,-5.664,0.0335,92.648,4,380053
668,0815caqt2Lytro5EIzMufT,7,1,0.354,0.459,0.114,0.427,0.0,0.168,-7.734,0.0267,139.902,3,195493
669,6GHMJJjpoqiBnw3wgSplL7,7,1,0.55,0.938,0.00952,0.735,0.0,0.0998,-6.382,0.0434,103.7,4,229360
670,5a4AQWs84xeEyYUd1iC2Pn,7,1,0.679,0.781,0.00447,0.625,0.0,0.185,-9.139,0.373,83.024,4,282093
671,5F7IJrXD6Fa3EmqoYE0gU4,1,1,0.388,0.8,0.00167,0.502,0.0,0.0784,-6.062,0.0371,115.091,4,289760
672,5imShWWzwqfAJ9gXFpGAQh,2,1,0.663,0.578,0.157,0.756,0.000232,0.249,-5.82,0.115,176.739,4,201173
673,12bZjnzjuJoyRslVC4BmxU,10,1,0.08,0.684,0.000839,0.493,0.0,0.157,-7.728,0.0459,84.03,4,280013
674,2ygMBIctKIAfbEBcT9065L,1,0,0.744,0.648,0.00937,0.931,0.0,0.752,-3.15,0.181,153.649,4,213067
675,4CDIEKHMb2MBgvgHBkhiJD,10,0,0.75,0.618,0.0553,0.746,0.0,0.273,-5.476,0.352,75.272,4,281320
676,3850dYVgOFIXJh5U4BFEWH,9,0,0.405,0.649,0.0039,0.647,0.161,0.0686,-7.695,0.0452,125.02,4,337733
677,5MYFw4T2gy52pOGBN4EYHS,11,1,0.647,0.789,0.109,0.881,0.0,0.355,-5.758,0.0331,133.299,4,236600
678,0W4NhJhcqKCqEP2GIpDCDq,5,1,0.318,0.688,0.064,0.519,0.0,0.1,-4.285,0.0283,116.714,4,255333
679,5FXOEdfNW7nYQrBWtW49Cl,6,1,0.436,0.66,0.364,0.548,0.0,0.108,-7.127,0.215,86.947,4,222000
680,1g0oI97rPdYuWDIpkbtQdv,1,0,0.654,0.802,0.358,0.772,0.0,0.0603,-4.893,0.192,96.046,4,215000
681,5oxGaQRd6cLnEcxxbw0soP,4,0,0.566,0.683,0.000738,0.886,0.00188,0.0524,-5.045,0.071,100.04,4,197173
682,0d28khcov6AiegSCpG5TuT,6,1,0.772,0.818,0.00836,0.705,0.00233,0.613,-6.679,0.177,138.559,4,222640
683,0F7rEdewJ6cSLylOZZpDu7,0,0,0.166,0.722,0.088,0.329,0.0,0.081,-11.617,0.108,99.991,4,230713
684,3lxFENvLW8nxXAbNfkZ7IJ,1,1,0.308,0.463,0.026,0.524,0.0,0.102,-8.207,0.0316,144.055,4,248693
685,0BVEbjiM0J3gz8QDpL4j3o,1,0,0.272,0.315,0.0041,0.751,0.0,0.0984,-5.74,0.0517,119.566,4,228880
686,6RX5iL93VZ5fKmyvNXvF1r,7,0,0.509,0.447,0.0293,0.694,5.46e-06,0.167,-4.637,0.382,175.868,4,227853
687,49FYlytm3dAAraYgpoJZux,1,1,0.575,0.583,0.00864,0.829,0.0,0.0426,-4.603,0.134,174.028,4,275987
688,07K4GcCDSTiXUF5ssyTRUM,1,1,0.73,0.756,0.191,0.77,0.0,0.178,-3.502,0.0343,119.961,4,246467
689,3Q4WeJmzxuDpzMu9QjQqbM,7,1,0.253,0.708,0.205,0.641,0.0,0.0945,-4.296,0.0335,113.082,4,268120
690,2aIdVb8v9KTpEZnftkz2mD,1,1,0.594,0.451,0.0108,0.55,0.0,0.0737,-8.137,0.262,80.001,4,227960
691,0ZUo4YjG4saFnEJhdWp9Bt,6,0,0.29,0.519,0.271,0.749,0.0,0.119,-3.318,0.0405,147.905,4,199947
692,4RCWB3V8V0dignt99LZ8vH,2,1,0.298,0.656,0.872,0.291,0.0,0.114,-10.572,0.0293,103.971,4,232533
693,6NncjnSD7JLEetWb9KqMRY,0,1,0.352,0.865,0.0359,0.45,1.28e-06,0.308,-9.387,0.0417,99.989,4,247067
694,2aI21FnmY7TJVKeMaoQZ0t,1,1,0.809,0.872,0.0476,0.872,0.00112,0.0543,-6.328,0.139,116.948,4,223080
695,4N0tDOF2bo9JEpSqLNlpjq,0,1,0.565,0.811,0.298,0.757,0.0,0.103,-6.447,0.23,130.993,4,246600
696,12yGwtB2h9NlzeOKYfVYTF,2,1,0.34,0.801,0.225,0.454,0.0,0.226,-6.035,0.0371,125.139,4,293067
697,45hOioMDJktr86iKDHC8gr,7,1,0.669,0.56,0.000722,0.959,0.000221,0.209,-2.433,0.102,163.983,4,216600
698,3PNOYDruQplC92lNc7mE9W,7,1,0.881,0.803,0.00485,0.851,0.000358,0.0577,-2.429,0.0357,113.996,4,211080
699,1IYaMVfidzSfvCUZYXhsU1,7,1,0.68,0.619,0.00541,0.709,0.0,0.507,-4.633,0.0395,144.972,4,253400
700,3qKGvSu1inEZKwYQnMavNA,5,0,0.932,0.94,0.317,0.743,0.0,0.0909,-5.166,0.0475,118.988,4,212360
701,0AA6zq5ArZ1sSH7VIMi4NK,8,1,0.485,0.621,0.277,0.6,0.0,0.495,-6.349,0.576,80.021,4,253707
702,1UKp5X9cPp9vMnTb39nnvg,10,0,0.296,0.426,0.0559,0.92,0.0,0.245,-3.243,0.0598,145.946,4,215027
703,2bLqfJjuC5syrsgDsZfGmn,3,0,0.765,0.731,0.181,0.807,0.751,0.319,-6.492,0.1,114.759,4,179120
704,6Q44rxzH39y2tjic98Spo5,8,0,0.831,0.906,0.0576,0.584,0.0,0.128,-7.72,0.316,129.055,4,292373
705,66TRwr5uJwPt15mfFkzhbi,0,1,0.803,0.736,0.515,0.74,0.0,0.0468,-2.18,0.0786,140.141,4,221933
706,0wbDgMuAoy7O7pL3a69uZx,8,1,0.815,0.975,0.168,0.711,0.000552,0.0799,-3.904,0.0632,110.621,4,234027
707,3pD0f7hSJg2XdQ6udw5Tey,7,1,0.432,0.687,0.122,0.723,0.00102,0.573,-4.751,0.0709,76.0,4,448573
708,2Lhdl74nwwVGOE2Gv35QuK,1,0,0.619,0.72,0.237,0.744,0.0,0.255,-6.938,0.12,78.953,4,243773
709,5fVZC9GiM4e8vu99W0Xf6J,10,1,0.361,0.64,0.269,0.743,0.0,0.101,-4.08,0.0379,122.035,4,262533
710,6aKfcKMefIPVzclCG6QSHX,6,1,0.338,0.442,0.002,0.85,1.93e-06,0.198,-3.888,0.0362,143.981,4,255667
711,2rXovB7Zco7nc3nTHXKJoh,4,0,0.801,0.882,0.0302,0.636,0.533,0.301,-8.754,0.159,119.985,4,278013
712,4fzsfWzRhPawzqhX8Qt9F3,10,0,0.49,0.617,0.00564,0.717,0.0,0.408,-7.858,0.153,103.992,4,311867
713,3RGyFugqjQjlL8XX0NW8dZ,1,1,0.461,0.506,0.0791,0.799,0.0,0.0929,-6.58,0.38,120.405,5,236080
714,1iOJQhxKSJ7dg3Dk03yPnl,0,1,0.886,0.709,0.00144,0.891,0.0,0.034,-3.688,0.0528,141.04,4,214387
715,7oyNjeXQ57dASDnqg8wbbl,1,0,0.706,0.794,0.0982,0.777,0.0,0.202,-3.696,0.0813,160.022,4,173040
716,1hGy2eLcmC8eKx7qr1tOqx,1,0,0.769,0.762,0.15,0.661,0.0,0.256,-6.075,0.0687,130.009,4,225373
717,1oagRT7LfpVlNJN6FSZDGp,9,1,0.408,0.435,0.000747,0.887,0.0,0.0327,-4.07,0.0636,199.935,4,212040
718,5kxddRG1RZaZROadk7iC4D,8,1,0.405,0.675,0.0611,0.394,0.0,0.214,-8.539,0.133,104.987,4,238800
719,6DbqCKweKwVkHgRv1CI53D,11,0,0.645,0.723,0.00308,0.644,0.0,0.352,-6.863,0.222,144.09,4,261027
720,3QnEp4rluCxUwgpXT43jmC,1,1,0.815,0.405,0.329,0.721,0.0,0.252,-6.97,0.283,92.854,4,280680
721,3RlsVPIIs5KFhLFhxZ4iDF,0,1,0.693,0.616,0.0459,0.91,0.0,0.343,-3.004,0.0386,144.072,4,252040
722,3Zwu2K0Qa5sT6teCCHPShP,10,0,0.588,0.459,0.00511,0.891,0.0,0.106,-5.057,0.0623,154.837,4,203507
723,18lR4BzEs7e3qzc0KVkTpU,5,1,0.287,0.623,0.0141,0.93,1.64e-06,0.138,-5.285,0.0324,120.119,4,205613
724,1MBM7CyZbwJpVbbZJnHHRg,0,0,0.477,0.606,0.0756,0.591,0.0,0.328,-7.228,0.087,95.802,4,252973
725,5Y77SQxEr1eiofPeUTPHxM,5,0,0.703,0.412,0.102,0.876,0.0,0.297,-6.008,0.47,130.159,5,273133
726,0U969xYNlAyfzi8P1TaO7u,0,1,0.352,0.764,0.25,0.487,0.0,0.184,-6.734,0.0281,116.027,4,261320
727,5gfPJ45gpn3ThswDyeW0Qc,3,0,0.962,0.888,0.256,0.833,0.00159,0.485,-4.381,0.0912,121.002,4,388226
728,4JPCdSaqs9dJd7RatFSHww,11,0,0.767,0.744,0.0106,0.697,0.0,0.0842,-5.063,0.197,149.28,4,247413
729,0YkJU6TjjwzsVXUPRIO0DB,11,1,0.562,0.607,0.33,0.599,0.0,0.199,-6.886,0.0995,86.491,4,253573
730,5qhlC4Rzals34zxovrPzKp,8,1,0.821,0.775,0.189,0.731,0.0,0.129,-5.446,0.134,131.105,4,256427
731,40LQiUUUKXVGyNs09lHVjW,2,1,0.251,0.476,0.0217,0.736,1.08e-06,0.203,-5.38,0.0343,129.084,4,261853
732,5imShWWzwqfAJ9gXFpGAQh,2,1,0.663,0.578,0.157,0.756,0.000232,0.249,-5.82,0.115,176.739,4,201173
733,4V2F0DZrAXOWq9hkwMMG3x,0,1,0.816,0.664,0.226,0.351,2.38e-06,0.106,-12.136,0.118,113.204,5,254147
734,6w1DBbA8akxHPiBQ6nAyJq,8,0,0.902,0.835,0.0716,0.571,0.0,0.0604,-4.771,0.102,138.038,4,330600
735,4QYV42XR08VCKSkBOjnlUe,6,0,0.211,0.519,0.000246,0.85,0.014,0.279,-4.678,0.0354,132.022,4,218013
736,2a03afRiyAbNAleOByVju4,5,0,0.674,0.822,0.123,0.905,0.0,0.0496,-4.032,0.241,128.014,4,209533
737,4wzjNqjKAKDU82e8uMhzmr,7,0,0.464,0.545,0.000665,0.932,0.0,0.127,-2.189,0.0399,92.956,4,192000
738,68Zq7PMcPIQE8ol1x3gAqw,0,1,0.714,0.88,0.0147,0.438,0.0,0.0907,-7.562,0.248,90.02,4,324907
739,6oUGAx0vkBcnGzYkvw0ZsA,7,0,0.701,0.758,0.0745,0.642,0.0,0.191,-8.128,0.221,142.078,4,268067
740,5ZqNz8GXWpkb95f7aVxTA0,0,1,0.313,0.454,0.00233,0.631,0.0,0.177,-4.733,0.0268,87.888,4,244827
741,6oaRryJqMWpEHt99ViMX0c,1,1,0.722,0.615,0.102,0.696,0.0,0.13,-4.92,0.537,153.96,4,306893
742,6CFPFnS9EcLs2I0nWqtWci,0,0,0.828,0.81,0.528,0.538,0.0,0.0951,-5.784,0.0356,109.97,4,266840
743,2elA6JLRaQ6iB7hxiuTKN4,4,1,0.378,0.727,0.0104,0.71,0.0,0.107,-6.142,0.0742,81.995,4,287480
744,5wQnmLuC1W7ATsArWACrgW,2,1,0.236,0.217,0.000289,0.905,0.00011,0.222,-4.103,0.0752,96.95,4,311107
745,0mYoKqA23wUUj7BTEgNzjg,4,0,0.26,0.444,0.0419,0.708,0.0,0.0775,-5.926,0.126,105.412,5,255413
746,11bD1JtSjlIgKgZG2134DZ,9,1,0.136,0.563,0.209,0.592,5.08e-05,0.132,-4.571,0.0276,104.016,4,267933
747,2HWWNoWEEEECwZhAiLg7ib,8,1,0.418,0.764,0.00554,0.751,0.000237,0.164,-3.74,0.0703,91.977,4,199853
748,0O45fw2L5vsWpdsOdXwNAR,7,0,0.964,0.967,0.0584,0.583,0.0,0.0519,-5.562,0.0789,117.0,4,242733
749,4UPcXTh26ilb7owtuyHqNI,7,1,0.138,0.162,0.0374,0.786,0.0,0.143,-2.353,0.038,161.192,3,239907
750,538hPQNtP190KcS3ZnWY5M,1,1,0.773,0.808,0.197,0.721,0.0,0.205,-5.165,0.213,94.955,4,238360
751,6ucR4KfvsBFWCMVFDvyKKl,8,1,0.101,0.653,0.0292,0.604,0.0,0.097,-6.017,0.0278,118.016,4,184400
752,1lkvpmrCaXK8QtliFDcHBO,9,1,0.257,0.688,0.594,0.477,0.0,0.115,-6.684,0.036,127.866,4,196227
753,358bOvBiZCS9fRzNYosw6c,0,0,0.425,0.701,0.267,0.724,0.0,0.0867,-5.751,0.145,132.035,4,237053
754,2hns6Dv29Yrg68AVTJiAyA,9,1,0.46,0.688,0.00462,0.734,0.0,0.0756,-4.569,0.0274,140.004,4,208493
755,24y3tSyLdRbpVsKhQrR2oj,7,0,0.472,0.514,0.00168,0.91,0.00187,0.224,-2.978,0.0714,145.907,4,217293
756,1pLdjo3lOBbMaoR4ZpybFH,9,1,0.439,0.697,0.409,0.629,3.8e-06,0.0819,-5.757,0.0425,123.279,4,267413
757,6TlRNJaezOdzdECnQeRuMM,5,0,0.723,0.684,0.17,0.606,0.0,0.058,-7.268,0.0504,127.901,4,275107
758,6SmPPtaMnfxgz5duA6t9Cu,11,1,0.433,0.697,0.0368,0.86,0.0,0.0721,-5.181,0.43,160.895,4,263920
759,1L5tZi0izXsi5Kk5OJf4W0,0,1,0.732,0.434,0.0473,0.872,1.83e-06,0.396,-2.974,0.0702,71.515,4,213760
760,5tEbnKMOMK8LLoOIsEkWRr,8,1,0.489,0.634,0.134,0.84,0.0,0.484,-4.663,0.248,169.041,4,287373
761,6IwKcFdiRQZOWeYNhUiWIv,1,0,0.167,0.644,0.0209,0.549,8.85e-06,0.134,-5.415,0.0285,90.04,4,253813
762,6GIrIt2M39wEGwjCQjGChX,1,0,0.505,0.423,0.00166,0.94,0.0,0.178,-4.012,0.0635,149.934,4,206520
763,1X3zcFBdTgSZXyspx1r3yN,9,1,0.68,0.763,0.0906,0.781,0.0,0.202,-2.398,0.0763,153.978,4,177360
764,6Hihhpxsp3i5BPdCjayIi2,0,1,0.815,0.653,0.218,0.563,0.0,0.208,-5.756,0.0833,77.928,4,238160
765,03b1NUHnoavfpLLKcEMfIb,3,0,0.438,0.392,0.105,0.751,0.0,0.15,-6.586,0.155,173.825,4,229347
766,3iOy5zzNirhedBMT715TDS,5,1,0.779,0.705,0.193,0.6,0.00183,0.28,-6.982,0.0373,126.038,4,240614
767,3bsoEOP4NHEoeVbAAYdbaU,6,1,0.629,0.687,0.0133,0.871,0.0,0.122,-5.469,0.171,92.998,4,242587
768,5kGrJb74Z8XAs9p9QR54wq,8,1,0.95,0.961,0.309,0.9,0.000199,0.354,-6.874,0.0678,120.006,4,189587
769,58a3FttBNLveeYAC983XEs,11,1,0.561,0.647,0.0149,0.715,0.0,0.141,-5.613,0.043,77.97,4,237680
770,4PgtB6Sul8WDTRZCe5e8St,10,0,0.798,0.897,0.0166,0.738,0.0,0.0573,-5.314,0.228,133.966,4,213373
771,40Fp6pxcS9l08kL1R50mR4,3,1,0.505,0.442,2.41e-05,0.952,0.0,0.205,-2.214,0.0541,130.682,4,203640
772,6kfQDanT6Buh4Wu73ghbav,8,0,0.418,0.63,0.0828,0.782,0.0,0.034,-5.44,0.132,140.144,4,247947
773,1cb7x6ypOTkoY9naUUddYQ,6,1,0.755,0.772,0.0697,0.587,0.0,0.252,-6.944,0.187,84.025,4,238467
774,2TF4UtYreqNbQ6Z9AccldU,10,1,0.289,0.621,0.288,0.417,0.0,0.119,-6.941,0.0231,99.953,4,203040
775,4Tn2llBm1g0UlWctmgPL8Z,1,1,0.74,0.735,0.00101,0.826,0.129,0.197,-4.902,0.0349,132.964,4,212280
776,2aibwv5hGXSgw7Yru8IYTO,11,1,0.599,0.427,0.116,0.9,1.75e-05,0.119,-3.674,0.0499,104.655,4,334667
777,2JpUkUR0OsOlUUfm6iS8ic,1,1,0.612,0.551,0.15,0.598,0.0,0.299,-6.79,0.27,78.756,4,230613
778,3wKKkGVn7cVSfgPeYYIiXG,10,0,0.551,0.729,0.0506,0.658,0.0,0.0693,-3.386,0.225,140.043,3,250667
779,0ADZ5dmXhlfzjMw6lefoPl,6,1,0.293,0.518,0.000681,0.797,0.0,0.107,-5.153,0.0309,132.918,4,238173
780,76dZuMVXjIyLPRLv00skGd,6,1,0.707,0.847,0.0869,0.667,0.0,0.443,-5.7,0.17,77.492,4,226547
781,5iyE2d4U3Vc5cqY9mPTlpy,1,1,0.852,0.859,0.34,0.681,0.000161,0.213,-6.247,0.0549,121.243,4,444333
782,10fddGyyeUquZZ2uPTjD7P,2,0,0.254,0.449,0.205,0.682,0.0,0.175,-5.295,0.029,139.924,4,223533
783,28IEbk5a7twNTbUEvWslUb,11,0,0.861,0.644,0.157,0.939,0.0,0.233,-3.486,0.0456,106.031,4,208107
784,41sLy8IQUSgvjjeW2CN0vc,9,0,0.75,0.866,0.0199,0.63,0.0,0.036,-4.795,0.172,82.044,4,257640
785,6OSmeoh8kXhCfz9WqvzDoJ,1,1,0.816,0.717,0.506,0.583,0.0,0.0821,-5.008,0.146,139.76,4,252933
786,0CAfXk7DXMnon4gLudAp7J,10,0,0.304,0.918,0.0928,0.609,0.0,0.139,-5.64,0.0791,128.008,4,231400
787,7wZUrN8oemZfsEd1CGkbXE,5,1,0.225,0.638,0.188,0.656,0.0,0.146,-5.886,0.0357,104.036,4,262467
788,6IwKcFdiRQZOWeYNhUiWIv,1,0,0.167,0.644,0.0209,0.549,8.85e-06,0.134,-5.415,0.0285,90.04,4,253813
789,4P7VFiaZb3xrXoqGwZXC3J,0,1,0.45,0.829,0.056,0.428,0.00413,0.137,-9.469,0.0831,148.075,4,299333
790,6ucR4KfvsBFWCMVFDvyKKl,8,1,0.101,0.653,0.0292,0.604,0.0,0.097,-6.017,0.0278,118.016,4,184400
791,7EGhmltmWJHCHobd3g8Hnw,8,0,0.328,0.466,0.0521,0.759,0.0,0.0587,-4.978,0.199,160.033,4,264373
792,4E6cwWJWZw2zWf7VFbH7wf,2,0,0.573,0.583,0.0208,0.786,0.0,0.188,-3.142,0.0301,123.055,4,258827
793,2bppvcuQhuMcJZHtM9So7r,1,1,0.507,0.623,0.0322,0.487,0.0,0.146,-7.954,0.113,138.893,4,309040
794,5Lgcn7u07bHuqbOtXkN62u,3,1,0.655,0.662,0.134,0.693,0.0,0.145,-4.298,0.0698,86.009,4,252120
795,3NZJlJemX3mzjf56MqC5ML,11,1,0.438,0.672,0.0368,0.82,0.000188,0.184,-4.456,0.0459,120.005,4,278573
796,1q51MejmtLKEv8mABG8XRE,1,1,0.926,0.575,0.296,0.686,0.0,0.617,-6.008,0.319,172.167,4,204040
797,3goSVuTt3fDYDP6kRnFwuL,9,1,0.572,0.697,0.248,0.467,0.0,0.0941,-7.536,0.0715,82.082,4,229413
798,1mea3bSkSGXuIRvnydlB5b,5,0,0.417,0.486,0.0954,0.617,3.23e-06,0.109,-7.115,0.0287,138.015,4,242373
799,1pXrR5Y9OgcIV2JEAl2lCB,5,1,0.696,0.699,0.00223,0.76,0.0,0.132,-3.173,0.0677,129.996,4,179640
800,1IAzD1muglOxOcPbUHs70R,9,0,0.467,0.68,0.0161,0.687,0.0,0.261,-6.162,0.0709,150.053,4,249533
801,2VOomzT6VavJOGBeySqaMc,11,0,0.722,0.707,0.0863,0.813,0.0,0.168,-4.515,0.0571,124.921,4,238627
802,0ByMNEPAPpOR5H69DVrTNy,6,0,0.542,0.835,0.0336,0.669,6.92e-05,0.0535,-5.582,0.0643,122.668,4,267080
803,4hjuUelurEBKlqpJPJ77Iw,9,0,0.682,0.726,0.203,0.881,0.0,0.108,-3.892,0.0391,110.019,4,203440
804,3wKKkGVn7cVSfgPeYYIiXG,10,0,0.551,0.729,0.0506,0.658,0.0,0.0693,-3.386,0.225,140.043,3,250667
805,0GX5oOKtU0nnx5OkhenW2i,4,0,0.576,0.709,0.0225,0.745,5.2e-05,0.154,-6.437,0.0738,126.027,4,234360
806,1lkvpmrCaXK8QtliFDcHBO,9,1,0.257,0.688,0.594,0.477,0.0,0.115,-6.684,0.036,127.866,4,196227
807,2H1l4JczUDbiWfQtQElB05,4,0,0.84,0.715,0.0996,0.665,0.0,0.224,-7.736,0.0502,78.502,4,204733
808,1oHClQEgDmmbcEx12Kc5nZ,2,1,0.767,0.753,0.00994,0.931,0.00696,0.234,-4.922,0.0652,113.029,4,189693
809,0JiY190vktuhSGN6aqJdrt,11,0,0.462,0.534,0.000334,0.87,0.0,0.241,-3.078,0.0425,126.019,4,215160
810,28IEbk5a7twNTbUEvWslUb,11,0,0.861,0.644,0.157,0.939,0.0,0.233,-3.486,0.0456,106.031,4,208107
811,7tawDKBYV9059X92D6dr7R,2,1,0.452,0.731,0.191,0.563,0.00042,0.296,-4.046,0.131,184.009,4,240427
812,1EzrEOXmMH3G43AXT1y7pA,11,1,0.718,0.686,0.595,0.457,0.0,0.105,-8.322,0.0468,150.953,4,242187
813,20ORwCJusz4KS2PbTPVNKo,9,1,0.886,0.687,0.0283,0.71,3.71e-06,0.0689,-5.84,0.0522,79.235,4,216880
814,4NOZ35Dhucr6UlVyLOtktd,8,1,0.807,0.949,0.00437,0.79,0.0,0.0816,-5.957,0.0756,117.002,4,246053
815,3Ui2jdyxbZQrZohfM0NOgG,2,1,0.547,0.566,0.431,0.766,0.0,0.101,-5.036,0.0399,168.005,4,233467
816,0G71WvIkF2K6HViJeFvOcM,9,0,0.801,0.692,0.0149,0.911,7.34e-05,0.112,-5.098,0.177,138.975,4,190453
817,5619Ojc6t9evEEs3B7Drhe,4,1,0.79,0.618,0.00221,0.955,3.09e-06,0.486,-3.836,0.0798,150.034,4,179947
818,0pg4ptWsO9eMH6nEhrM9fD,4,1,0.251,0.492,0.0659,0.859,0.0,0.0756,-4.274,0.0332,92.474,4,223853
819,2YUv5bLhf4ena4JWVY0Lql,5,0,0.634,0.752,0.0182,0.921,0.0,0.256,-4.321,0.0696,115.033,4,236693
820,1ixbwbeBi5ufN4noUKmW5a,2,1,0.485,0.447,0.033,0.848,7.46e-05,0.65,-6.175,0.222,172.253,4,205200
821,1TEjSXPdAakDotj2Wji3PU,7,1,0.861,0.706,7.95e-05,0.841,0.0,0.0688,-3.956,0.0418,132.032,4,220227
822,3jlbL2OTD5YmIunYzgQTAN,11,0,0.478,0.375,0.071,0.862,0.0,0.211,-3.363,0.255,159.841,4,338853
823,0exb0K7vsjf5bXWLJJhAuF,5,0,0.807,0.648,0.154,0.801,0.0,0.339,-7.24,0.167,78.946,4,240760
824,22UDw8rSfLbUsaAGTXQ4Z8,0,1,0.512,0.727,0.171,0.729,0.0,0.07,-2.99,0.326,117.932,4,284733
825,46lIt6GmL0VkkbuUyGDbCs,7,1,0.702,0.694,0.00188,0.661,0.0,0.676,-4.847,0.118,82.48,4,244627
826,43H3q2NWT9LCuYS1B5IUvV,2,1,0.575,0.667,0.113,0.659,0.0,0.325,-4.932,0.0298,89.128,4,203440
827,4yHFxB8kzzeuNvoouR8N0N,8,0,0.818,0.774,0.0912,0.653,0.0,0.151,-5.158,0.05,120.01,4,244267
828,6ScJMrlpiLfZUGtWp4QIVt,6,0,0.773,0.674,0.0387,0.695,0.00202,0.194,-8.636,0.278,151.486,4,221840
829,0EbnUc05YEKhZRKgbrZWpq,2,1,0.381,0.54,0.0315,0.773,0.0,0.176,-3.627,0.0288,130.952,4,228387
830,2Rs03eNdCYdd5kZJUzFpO1,11,1,0.173,0.725,0.00136,0.418,0.0,0.128,-6.013,0.0736,174.084,4,250027
831,5KDmrBciOXKIUPHBbHz6jf,10,0,0.0665,0.478,0.00172,0.525,0.0,0.0771,-8.98,0.0794,90.02,4,273960
832,3JHDtmFdX9kdx9wz0md98U,7,1,0.266,0.562,0.173,0.657,0.000272,0.102,-8.074,0.0315,127.808,4,315360
833,2RM02ladxD5mgdrlAwh3h9,10,1,0.152,0.514,0.0178,0.557,0.00755,0.114,-6.307,0.0264,99.974,4,193640
834,21pySLskKIKrhDziCX5ojQ,11,0,0.368,0.671,0.00165,0.685,0.0,0.398,-5.762,0.05,118.449,4,245680
835,4sLeg4hQCZbwM6HEhNTIL2,11,1,0.524,0.763,0.00723,0.82,2.23e-06,0.0652,-3.836,0.0802,120.168,4,240307
836,3MldzywZOH4Uci6bq9noyJ,1,1,0.305,0.775,0.0327,0.641,0.0,0.18,-6.718,0.038,119.974,4,243013
837,3DelzIn0lPwX4PeOJk9zDF,0,1,0.282,0.529,0.00153,0.934,5.16e-06,0.118,-4.808,0.0602,127.962,4,241960
838,2iXBZ32Fz5VDCLeE0JIdX5,6,1,0.549,0.584,0.512,0.7,2.43e-05,0.13,-4.251,0.0506,163.953,4,234173
839,66TRwr5uJwPt15mfFkzhbi,0,1,0.803,0.736,0.515,0.74,0.0,0.0468,-2.18,0.0786,140.141,4,221933
840,0OYcEfskah1egYHjYRvbg1,11,1,0.0641,0.534,0.00479,0.393,0.0107,0.107,-7.813,0.0292,110.007,4,290360
841,4liGjmhCupa7RP9JaQELYx,1,1,0.529,0.733,0.0772,0.744,0.0,0.341,-3.51,0.0553,92.515,4,241133
842,1yJ5fyqBusR7Verj8JGsKV,1,1,0.727,0.668,0.48,0.673,0.0,0.194,-5.714,0.145,171.812,4,232000
843,7J5prjNs67L9W7YPPzIxVl,0,1,0.358,0.392,0.174,0.451,0.0,0.103,-7.109,0.0361,169.489,4,183600
844,6RpiAj9Ofv0Uqp6n2OuRoh,5,0,0.646,0.83,0.00456,0.746,0.0,0.26,-6.286,0.0579,125.992,4,220507
845,6wZI4mdT8JwXgkGURnBQiq,10,1,0.541,0.485,0.541,0.723,1.12e-06,0.075,-6.565,0.0317,167.845,4,230213
846,7rFe0uEHuONOTavUfaxEcS,1,1,0.691,0.766,0.0825,0.692,0.0,0.0384,-4.672,0.0289,102.028,4,205160
847,7iu0WYLdo4yksKf3seaxzI,5,0,0.732,0.637,0.323,0.73,0.0,0.0981,-5.38,0.0874,93.867,4,218947
848,7dltD9eEX7X1zk8JJ9BS0e,11,0,0.472,0.572,0.207,0.822,0.0,0.359,-6.015,0.361,94.812,4,289000
849,6xlEwLvtwDXR3bfLPxnjv9,0,1,0.474,0.728,0.661,0.437,0.0,0.0917,-8.357,0.175,123.017,4,220053
850,6TrNRd98WksT9Kkmx9uj6R,7,1,0.434,0.607,0.000683,0.783,0.0,0.0678,-4.41,0.0397,113.172,4,231173
851,2IBF9lQ9lgVai8LkskI5L7,1,1,0.653,0.609,0.00312,0.751,0.0,0.228,-4.198,0.488,60.896,3,224547
852,6Vi6gx8IMRXORPx8fPd2YJ,1,1,0.187,0.695,0.117,0.599,0.0,0.118,-6.394,0.0317,123.949,4,244107
853,5dANgSy7v091dhiPnEXNrf,9,0,0.272,0.654,0.00342,0.77,0.0,0.0887,-6.091,0.0353,137.616,4,321293
854,6avyV3xlz2UFeiAUZ0SqyT,8,1,0.281,0.414,0.0541,0.578,0.0,0.124,-6.383,0.0287,154.96,3,216147
855,4xWMTkwknjh8FzxNrkwLl6,2,1,0.872,0.89,0.0188,0.946,0.000128,0.11,-5.673,0.0489,120.0,4,251373
856,58a3FttBNLveeYAC983XEs,11,1,0.561,0.647,0.0149,0.715,0.0,0.141,-5.613,0.043,77.97,4,237680
857,49ppqF73rOz5Nyt1paRxIF,7,0,0.902,0.781,0.145,0.791,0.0,0.127,-3.903,0.0468,76.998,4,222293
858,2VEsmoek0sol9MnJFyoG9e,2,1,0.807,0.667,0.0296,0.954,0.0,0.331,-3.462,0.0817,114.0,4,175093
859,1kxeWHF9PrCVZHvVskv8lg,1,0,0.112,0.76,0.0542,0.524,0.5,0.112,-7.67,0.0323,119.603,4,270307
860,3wkNK8tJZ2stygNJm8RCRD,8,1,0.0406,0.723,0.014,0.322,0.0,0.119,-9.702,0.0341,90.063,4,267867
861,4wCD0qOFNRu1Q6O3N6ycm4,0,0,0.487,0.57,0.00836,0.664,1.2e-05,0.0719,-4.718,0.0322,162.084,4,213520
862,3LN41NUdHkyNqQhi9gExMm,10,1,0.617,0.84,0.16,0.571,0.0,0.406,-7.421,0.0797,116.59,4,188493
863,3Q4WeJmzxuDpzMu9QjQqbM,7,1,0.253,0.708,0.205,0.641,0.0,0.0945,-4.296,0.0335,113.082,4,268120
864,14blxrgE0VWAgv5aF2wWmx,1,1,0.487,0.439,0.00305,0.808,0.0,0.439,-6.881,0.346,82.962,4,207000
865,4fixebDZAVToLbUCuEloa2,11,1,0.235,0.724,0.073,0.695,0.0,0.0889,-5.226,0.0622,139.0,4,224400
866,1D4PL9B8gOg78jiHg3FvBb,2,1,0.306,0.617,0.131,0.741,0.0,0.0772,-3.97,0.0311,118.984,4,236267
867,33vzOPcd9FRirYGlCu32x4,11,0,0.588,0.923,0.0394,0.795,0.000565,0.101,-3.61,0.117,123.021,4,242133
868,2EvwLVrnYbCZEG6Kx5DCRy,11,1,0.782,0.769,0.0902,0.638,0.0,0.0857,-5.054,0.216,115.007,4,212107
869,3n5qF6aprwEIjHWuH5jECM,7,1,0.611,0.423,0.00876,0.842,0.0,0.309,-4.072,0.357,83.59,4,225653
870,5rX6C5QVvvZB7XckETNych,7,1,0.887,0.7,0.0212,0.864,0.0,0.0956,-3.629,0.0283,102.997,4,297587
871,5k3VjTwIsOjQ2woGz3Yx71,8,0,0.611,0.699,0.358,0.699,0.0,0.0912,-5.564,0.0737,94.977,4,206413
872,3zcmWxxUA7Em7X3IBqZGUo,3,1,0.684,0.438,0.0191,0.906,0.0,0.373,-4.8,0.0438,161.905,4,206000
873,4GXH9A6fzuE0MNtqtzjhLg,11,1,0.382,0.673,0.0724,0.766,0.0,0.0563,-5.018,0.349,148.113,4,320893
874,1vDEdno3PFjQ6bvpwBy1x7,5,0,0.333,0.42,0.211,0.741,0.0,0.149,-4.452,0.056,128.919,4,260040
875,31I3Rt1bPa2LrE74DdNizO,6,0,0.43,0.639,0.0381,0.628,0.0,0.386,-7.578,0.0399,90.482,4,237507
876,0EHR9OObFtjlhQB8wSt1m7,6,1,0.947,0.92,0.236,0.553,0.0,0.0767,-5.068,0.191,112.022,5,286907
877,0FpT75cRdvf6va1TARHrl5,1,0,0.542,0.591,0.0244,0.904,0.0,0.0786,-4.478,0.0359,107.027,4,213453
878,7Efs0OIW6zgQyH7ehKZYpN,8,1,0.32,0.5,0.0237,0.665,6.41e-05,0.0994,-7.157,0.0355,154.997,4,224960
879,74mrT6rUDIPSlIyzIsSUKn,4,1,0.104,0.401,0.246,0.613,0.0,0.153,-5.903,0.0348,149.3,4,251040
880,2tVCFmn2zKg2wGXS1TCIIA,6,1,0.318,0.483,0.000849,0.903,0.0,0.118,-3.151,0.0451,130.986,4,238733
881,2bLqfJjuC5syrsgDsZfGmn,3,0,0.765,0.731,0.181,0.807,0.751,0.319,-6.492,0.1,114.759,4,179120
882,3pxCXv0NACYfYnLjFcQW5D,7,1,0.527,0.512,0.000821,0.864,0.0,0.0982,-4.146,0.0338,138.018,4,222827
883,5Hv1QAbRWrUSUHaT0CmnMS,7,1,0.603,0.595,0.0137,0.844,0.0,0.234,-4.678,0.0331,127.981,4,222440
884,0JVEpLj6fptu0VNBJcIygB,2,0,0.401,0.579,0.078,0.742,0.0,0.07,-3.616,0.0474,78.478,4,231653
885,11WuptzKtcVfPMYaf5aook,10,0,0.269,0.53,0.00436,0.745,0.0,0.345,-6.19,0.106,134.068,4,274053
886,3oDFtOhcN08qeDPAK6MEQG,9,1,0.402,0.867,0.13,0.857,0.00171,0.13,-5.892,0.0663,130.048,4,251440
887,1QV6tiMFM6fSOKOGLMHYYg,4,1,0.787,0.851,0.118,0.806,1.64e-06,0.121,-4.62,0.0787,118.999,4,237200
888,2LdIptpcKdgrmK7Ugqf24V,1,0,0.699,0.813,0.0318,0.74,1.43e-05,0.166,-4.668,0.0327,118.976,4,244055
889,4kLLWz7srcuLKA7Et40PQR,0,1,0.61,0.743,0.0873,0.766,0.0,0.509,-6.375,0.0265,127.96,4,289133
890,1D4PL9B8gOg78jiHg3FvBb,2,1,0.306,0.617,0.131,0.741,0.0,0.0772,-3.97,0.0311,118.984,4,236267
891,5z3AYB91fhpF8zhUghoONK,7,1,0.734,0.704,0.00644,0.802,0.0,0.0909,-4.083,0.052,124.977,4,204173
892,1EzrEOXmMH3G43AXT1y7pA,11,1,0.718,0.686,0.595,0.457,0.0,0.105,-8.322,0.0468,150.953,4,242187
893,557un1HgwYMuqfWGSTmnxw,1,1,0.272,0.426,0.0383,0.584,0.0,0.192,-5.293,0.296,193.438,4,192587
894,4EWCNWgDS8707fNSZ1oaA5,10,0,0.654,0.79,0.0515,0.647,0.0,0.248,-5.983,0.136,87.999,4,211000
895,5gb9UJkh8TfrNMRYOJNbew,4,1,0.552,0.718,0.0159,0.691,0.0,0.0627,-6.44,0.0387,100.008,4,213107
896,1GEBsLDvJGw7kviySRI6GX,6,1,0.435,0.687,0.178,0.745,1.59e-05,0.111,-4.432,0.0379,129.966,4,232120
897,7IhsLJMqdxoo7YAZjaSMru,0,1,0.47,0.713,0.0402,0.746,0.0,0.601,-4.99,0.259,135.021,4,299747
898,4IoYz8XqqdowINzfRrFnhi,8,0,0.4,0.338,0.0187,0.803,0.0,0.136,-5.412,0.0413,151.994,4,241853
899,5VGlqQANWDKJFl0MBG3sg2,0,1,0.173,0.276,0.00552,0.715,0.000417,0.201,-5.356,0.0432,137.028,4,230760
900,0JmGVy7IzUM27My3UuEOOZ,8,1,0.645,0.588,0.00952,0.877,0.0,0.171,-4.78,0.16,155.165,4,326187
901,08uGhvS5MfBk7crUCpnjva,7,1,0.362,0.673,0.0782,0.614,0.0,0.139,-5.426,0.103,176.052,4,289747
902,5RzFJd6W40SDTyZkX6xx45,9,1,0.793,0.82,0.0133,0.731,1.94e-05,0.131,-6.02,0.159,127.076,4,237120
903,3jlbL2OTD5YmIunYzgQTAN,11,0,0.478,0.375,0.071,0.862,0.0,0.211,-3.363,0.255,159.841,4,338853
904,2q4rjDy9WhaN3o9MvDbO21,7,1,0.795,0.758,0.0185,0.712,0.0,0.0677,-3.781,0.112,149.998,4,193387
905,7LP4Es66zdY7CyjepqmvAg,2,1,0.683,0.657,0.0108,0.695,0.0,0.0822,-4.493,0.0321,65.997,4,212107
906,5x5JM1BSB6vollcIzDocqT,4,1,0.299,0.336,0.0635,0.602,0.0,0.141,-6.354,0.0325,161.01,4,234520
907,1GxHeBvQ9935Dd3cSfsfBa,5,0,0.605,0.431,0.0951,0.894,0.0,0.188,-2.673,0.33,162.161,4,258760
908,4Dm32oO01YpIubCHaAtKkN,9,1,0.424,0.526,0.0014,0.882,0.0,0.144,-4.006,0.0509,144.982,4,211493
909,2CvOqDpQIMw69cCzWqr5yr,11,0,0.471,0.422,0.273,0.712,0.0,0.051,-5.907,0.1,78.454,4,261160
910,1TEjSXPdAakDotj2Wji3PU,7,1,0.861,0.706,7.95e-05,0.841,0.0,0.0688,-3.956,0.0418,132.032,4,220227
911,0RAn8LOs5QVMLy2xH30bUj,10,1,0.518,0.664,0.166,0.426,0.0,0.0652,-12.852,0.0282,118.785,4,304693
912,7jk7gqyEonmVVYahZN5zhW,6,0,0.761,0.791,0.147,0.733,0.000381,0.0713,-5.215,0.052,114.98,4,192360
913,60PAzFNW3vAiAiVK6DRJfB,11,0,0.803,0.88,0.462,0.443,7.13e-06,0.122,-6.359,0.0653,138.018,4,221240
914,3E7dfMvvCLUddWissuqMwr,10,0,0.47,0.652,0.00112,0.698,0.000115,0.0886,-4.667,0.042,96.021,4,202067
915,5jzX4dWVQeBTtfBaXnMRt5,5,0,0.514,0.791,0.0163,0.713,0.0,0.189,-3.742,0.254,130.012,4,192573
916,7LR85XLWw2yXqKBSI5brbG,1,1,0.441,0.632,0.281,0.924,0.0,0.263,-1.802,0.29,86.844,4,267520
917,6TrNRd98WksT9Kkmx9uj6R,7,1,0.434,0.607,0.000683,0.783,0.0,0.0678,-4.41,0.0397,113.172,4,231173
918,2oENJa1T33GJ0w8dC167G4,1,1,0.888,0.839,0.0192,0.804,0.0,0.331,-2.513,0.0329,122.973,4,239987
919,7xkQdy0cy5ymoWT7nedvLz,11,1,0.711,0.615,0.0444,0.711,0.0,0.145,-5.507,0.0779,144.036,4,221253
920,0eH2eHURaXUP15D8gQlfjx,6,0,0.844,0.894,0.00569,0.678,2.43e-06,0.317,-5.611,0.0523,105.024,4,216333
921,28RZ8tNiWmTYISN51VpnNO,5,0,0.59,0.524,0.0012,0.878,0.0,0.098,-3.108,0.0346,130.989,4,199187
922,16XNk3bVCSHXN1rlwbXtHb,7,0,0.446,0.677,0.295,0.523,0.0,0.15,-5.603,0.0439,60.019,4,226507
923,733ncRLzZQT5UtSPg1QmPc,6,1,0.374,0.614,0.0635,0.797,0.0,0.187,-4.896,0.0314,90.946,4,251533
924,4fixebDZAVToLbUCuEloa2,11,1,0.235,0.724,0.073,0.695,0.0,0.0889,-5.226,0.0622,139.0,4,224400
925,1IAzD1muglOxOcPbUHs70R,9,0,0.467,0.68,0.0161,0.687,0.0,0.261,-6.162,0.0709,150.053,4,249533
926,5EGPf0nqO7vEIwsOX6Er98,10,0,0.369,0.742,0.0465,0.468,0.0,0.826,-5.557,0.0625,86.443,4,242200
927,4LxjagX6D8MxMaoTmqpQ8Y,0,1,0.691,0.731,0.665,0.644,0.0,0.11,-5.348,0.0343,129.94,4,254533
928,7kMfu3KUydmrFVGEAhjtyl,0,1,0.628,0.594,0.0116,0.874,0.0,0.549,-3.716,0.0815,119.964,4,196413
929,1kxeWHF9PrCVZHvVskv8lg,1,0,0.112,0.76,0.0542,0.524,0.5,0.112,-7.67,0.0323,119.603,4,270307
930,0JiY190vktuhSGN6aqJdrt,11,0,0.462,0.534,0.000334,0.87,0.0,0.241,-3.078,0.0425,126.019,4,215160
931,6Rb0ptOEjBjPPQUlQtQGbL,1,1,0.789,0.851,0.00705,0.629,0.000372,0.0746,-8.385,0.175,125.984,4,237640
932,4dK00wCxlqWEeN8BoM1BHT,9,1,0.391,0.516,0.0864,0.874,0.0,0.173,-2.571,0.186,169.561,3,297520
933,1oQZk2bKBLgP1cbuFKvjkq,6,1,0.487,0.63,0.0953,0.504,0.0,0.308,-6.152,0.0334,89.946,4,249867
934,02Df1JGm5Sjh2GmRAl5ClR,11,0,0.276,0.628,0.309,0.708,1.32e-06,0.109,-7.045,0.0287,111.047,4,288573
935,3tSuRiNgJmMqmYR23dCqnR,5,1,0.452,0.756,0.0659,0.612,0.0,0.274,-4.371,0.0317,111.572,4,218400
936,06T10fEzN8ZCcqzQZYA184,0,1,0.205,0.536,0.000354,0.89,0.00165,0.133,-5.222,0.0601,115.998,4,252653
937,2gnZad0pb6QtUqMLTj2AjI,6,1,0.745,0.588,0.00869,0.845,0.0,0.326,-4.497,0.0377,138.014,4,231560
938,02XnQdf7sipaKBBHixz3Zp,5,0,0.397,0.762,0.113,0.692,0.0,0.094,-3.973,0.0438,114.906,4,208307
939,0lqYRbRiGc5oiCUW51JH5s,0,0,0.629,0.74,0.123,0.945,0.0,0.112,-4.442,0.0889,130.015,4,312987
940,1mea3bSkSGXuIRvnydlB5b,5,0,0.417,0.486,0.0954,0.617,3.23e-06,0.109,-7.115,0.0287,138.015,4,242373
941,2VqAEP1yY5T523K7bZtL8a,8,0,0.607,0.83,0.262,0.857,0.0,0.413,-4.194,0.152,137.982,4,240747
942,4hJNA7VCBfNDly2Lz1SKAt,2,1,0.37,0.613,0.0178,0.634,0.0,0.0639,-3.472,0.0339,144.953,4,241920
943,2LHdmh6AIwowdD8YWfOa4R,1,1,0.199,0.738,0.0371,0.868,0.0,0.294,-4.15,0.0348,130.002,4,252933
944,1yJ5fyqBusR7Verj8JGsKV,1,1,0.727,0.668,0.48,0.673,0.0,0.194,-5.714,0.145,171.812,4,232000
945,3DamFFqW32WihKkTVlwTYQ,3,1,0.472,0.512,0.0275,0.662,0.0,0.118,-6.797,0.0439,180.114,4,228347
946,6Wx88Mv6b9ofjKMKkdwOJd,5,0,0.38,0.493,0.000235,0.808,0.0,0.0983,-3.365,0.0362,117.971,4,268613
947,2igwFfvr1OAGX9SKDCPBwO,11,1,0.811,0.491,0.0295,0.956,0.0,0.46,-1.538,0.392,173.585,4,276920
948,6q4XLE5WeOBWftoc9gTl2P,3,1,0.152,0.508,0.00741,0.823,0.0,0.104,-3.711,0.031,95.98,4,270640
949,4cS2HQ6jK80vqdY9ofpztx,7,1,0.867,0.865,0.285,0.69,0.0162,0.225,-7.448,0.0443,121.983,4,188867
950,4UP5HP7IAnNdxD01g1lzQp,0,1,0.475,0.44,0.428,0.517,0.0,0.173,-7.355,0.363,73.881,4,249027
951,2wNGoon7FlKnVEyYS1ZRBQ,1,1,0.765,0.693,0.0995,0.822,1.73e-05,0.061,-6.01,0.102,121.969,4,207480
952,6klZDCEsQzMELAPyovvpUw,6,0,0.762,0.632,0.00316,0.73,0.0,0.397,-5.895,0.245,76.067,4,315320
953,3mJq2ZlI3ZN8hvmRSdzRy9,4,1,0.641,0.645,0.161,0.825,0.0,0.114,-6.473,0.0273,117.037,4,215320
954,0KlahhzNb98zyN83Vwae0l,6,0,0.442,0.557,0.0171,0.783,0.0172,0.151,-4.893,0.234,177.008,4,255360
955,4QJLKU75Rg4558f4LbDBRi,3,1,0.568,0.485,8.67e-05,0.911,0.0,0.092,-5.749,0.0355,89.956,4,249067
956,6c0GmyBsE7mQtrVvxJaWc3,11,0,0.696,0.789,0.174,0.55,0.0,0.0614,-7.423,0.0473,172.049,4,231573
957,20X9OeC606XNwEtDBOym5u,10,1,0.412,0.44,0.00177,0.976,3.39e-06,0.16,-3.17,0.141,150.005,4,226707
958,1akgiRM3mN2nxu2AX6ACCW,8,1,0.664,0.713,0.0897,0.826,0.0,0.421,-4.075,0.243,86.444,4,241933
959,2hdy9Wt9qp7M7d0U3ossu2,4,0,0.544,0.717,0.0192,0.587,0.0,0.0523,-7.296,0.0339,129.954,4,216520
960,1jvUrVUMm1U2XfXX534fRP,4,1,0.58,0.616,0.654,0.596,0.0,0.218,-5.035,0.0289,137.077,4,204200
961,4QhjEJ2o6QNwpZGs51AmiY,0,1,0.212,0.58,0.324,0.357,0.0,0.101,-8.082,0.027,92.598,4,235413
962,2VOomzT6VavJOGBeySqaMc,11,0,0.722,0.707,0.0863,0.813,0.0,0.168,-4.515,0.0571,124.921,4,238627
963,64yrDBpcdwEdNY9loyEGbX,5,1,0.416,0.268,0.0518,0.742,0.0,0.626,-4.939,0.0355,159.779,4,321093
964,6ATrsVaZT7XjkCynxM8cTS,3,0,0.489,0.546,0.000969,0.712,0.0,0.406,-3.104,0.0269,150.154,4,206333
965,5MaA3DozJsq8kCPI2arN2q,9,1,0.708,0.869,0.0405,0.642,0.0,0.0728,-2.779,0.166,77.988,4,249613
966,3eBnEo9WL34ulBCZlLpUQO,6,1,0.805,0.566,0.645,0.713,0.0,0.114,-4.25,0.0418,169.861,4,238147
967,6GQuF9vzJAVs7fYN9ftBdP,6,0,0.855,0.869,0.0512,0.546,0.0113,0.0541,-6.755,0.327,146.118,4,200320
968,4E5P1XyAFtrjpiIxkydly4,9,1,0.195,0.706,0.173,0.751,0.0,0.168,-6.323,0.0708,91.031,4,182307
969,3XKbdb9GB6u3hsnUklQTav,0,1,0.3,0.493,0.512,0.643,2.43e-05,0.209,-5.19,0.0299,144.704,4,321640
970,3LtwmK1OfN0dGs9jf3qSjn,7,1,0.865,0.555,0.0159,0.924,0.0,0.075,-4.93,0.0604,87.606,4,280000
971,3jkdQNkDTxxXtjSO4l0o1H,8,1,0.557,0.747,0.343,0.878,0.0,0.0872,-3.533,0.0282,106.004,4,208333
972,6pymOcrCnMuCWdgGVTvUgP,5,0,0.787,0.697,0.0452,0.709,0.0,0.138,-1.917,0.0455,134.91,4,213173
973,5UsLjwBaTHBX4ektWIr4XX,5,0,0.54,0.457,0.249,0.906,0.0,0.182,-2.278,0.342,104.02,5,357707
974,6eDApnV9Jdb1nYahOlbbUh,1,0,0.762,0.691,0.0631,0.853,7.13e-05,0.082,-2.528,0.0372,145.999,4,215867
975,2YVCkTYJpv5jelYrHYoEG8,3,1,0.378,0.655,0.163,0.786,5.99e-05,0.124,-4.451,0.034,113.964,4,256013
976,2I5CPUnMIKjEXeg61OI9uV,9,1,0.35,0.502,0.00098,0.938,0.0,0.318,-3.114,0.13,144.077,4,200347
977,72by3Re4C3eVEBXvsUo0zV,9,0,0.762,0.622,0.0912,0.882,0.0,0.216,-5.59,0.119,77.506,4,284187
978,5JnLiuMgRAWoHYOhatFP3s,5,1,0.36,0.651,0.213,0.699,0.000265,0.12,-5.006,0.0265,141.938,4,231360
979,2ISojTv3VUnimEOiLddIw4,1,1,0.72,0.686,0.443,0.576,1.66e-05,0.212,-6.633,0.0284,83.969,4,208213
980,4fq2YUONcgrCJ2SPndSeKC,9,1,0.294,0.209,0.217,0.872,0.0,0.0768,-2.996,0.0757,78.139,4,281560
981,5myYDbAurm1CW038qd4gL2,1,0,0.651,0.777,0.00505,0.82,2.6e-05,0.142,-3.211,0.0471,119.987,4,208133
982,0nnxf8p851ZR49KFnGWVsB,5,0,0.957,0.738,0.038,0.983,5.93e-06,0.183,-4.374,0.0855,92.998,4,235760
983,5lrOsw7J8R7shum7A4j36t,0,1,0.463,0.61,0.03,0.431,0.0,0.099,-6.73,0.294,136.878,3,215973
984,22NLm3IIR9NLG0cUYtmHMW,9,1,0.2,0.563,0.252,0.402,2.07e-06,0.0886,-10.496,0.0668,115.561,4,310520
985,57uX2vR9j9DNiANDYfXw1i,8,1,0.262,0.23,0.568,0.492,8.18e-06,0.176,-5.767,0.0317,160.139,4,256613
986,0HPD5WQqrq7wPWR7P7Dw1i,2,0,0.714,0.755,0.0991,0.837,0.0,0.289,-2.718,0.142,120.028,4,199693
987,11EX5yhxr9Ihl3IN1asrfK,4,1,0.231,0.587,0.0927,0.622,0.000636,0.2,-5.535,0.0303,107.943,4,277573
988,4HlFJV71xXKIGcU3kRyttv,1,0,0.795,0.673,0.185,0.886,0.0,0.0826,-4.44,0.0431,97.012,4,216773
989,6tS3XVuOyu10897O3ae7bi,0,1,0.425,0.791,0.00446,0.754,0.0,0.163,-3.729,0.0569,125.014,4,234653
990,1bM50INir8voAkVoKuvEUI,4,0,0.326,0.781,0.198,0.745,1.14e-05,0.36,-5.81,0.0332,129.998,4,269493
991,6lV2MSQmRIkycDScNtrBXO,6,0,0.377,0.66,0.11,0.867,0.0,0.0368,-4.285,0.116,93.033,4,180480
992,15JINEqzVMv3SvJTAXAKED,10,1,0.641,0.749,0.241,0.925,0.0,0.52,-5.034,0.227,86.989,4,263373
993,0SiywuOBRcynK0uKGWdCnn,0,1,0.714,0.696,0.00314,0.921,5.24e-05,0.0842,-3.755,0.0363,119.001,4,294573
994,1DqdF42leyFIzqNDv9CjId,4,1,0.818,0.754,0.00332,0.804,0.0,0.0329,-3.177,0.0853,119.968,4,203867
995,1CdqVF1ywD0ZO1zXtB9yWa,8,1,0.629,0.666,0.00155,0.899,0.0,0.0677,-4.676,0.028,122.05,4,186267
996,59dLtGBS26x7kc0rHbaPrq,10,1,0.743,0.688,0.386,0.853,0.0,0.0862,-5.814,0.0493,103.993,4,268320
997,4nVyHATevhl5RC6Qmoko5H,10,0,0.704,0.646,0.0209,0.94,0.0,0.0691,-2.856,0.0838,129.011,4,231787
998,68ehjcnIVcKjX0QtdBDgZP,8,1,0.566,0.738,0.118,0.695,0.0,0.13,-5.764,0.219,148.004,4,289253
999,0TyOpxlWwDx98bjkIVHUgY,0,0,0.852,0.762,0.0269,0.739,0.0,0.498,-4.178,0.0328,110.002,4,198960
